Date,Buckhorn,Jackson,Oneida,Whitesburg
2017-01-01 00:00:00,5.334,2.032,7.62,2.032
2017-01-02 00:00:00,3.556,0,2.54,1.27
2017-01-03 00:00:00,6.35,12.7,6.35,1.524
2017-01-04 00:00:00,5.842,1.016,5.08,11.684
2017-01-05 00:00:00,0.508,4.064,0.254,2.032
2017-01-06 00:00:00,2.286,0.254,2.54,3.81
2017-01-07 00:00:00,0.508,0,0,3.048
2017-01-08 00:00:00,1.524,0,0,0
2017-01-09 00:00:00,0.508,0,0,0
2017-01-10 00:00:00,0,8.636,0,0
2017-01-11 00:00:00,7.62,4.064,8.382,4.064
2017-01-12 00:00:00,4.318,7.112,3.81,4.826
2017-01-13 00:00:00,12.192,10.668,12.7,7.366
2017-01-14 00:00:00,4.318,6.604,3.048,7.62
2017-01-15 00:00:00,5.08,2.286,6.604,9.144
2017-01-16 00:00:00,4.318,0,0,0.508
2017-01-17 00:00:00,12.7,13.208,15.24,4.318
2017-01-18 00:00:00,6.096,0,5.842,10.414
2017-01-19 00:00:00,0,1.016,0,0
2017-01-20 00:00:00,6.858,4.572,12.7,1.778
2017-01-21 00:00:00,0.254,0.254,0,0
2017-01-22 00:00:00,0.508,4.318,3.302,1.524
2017-01-23 00:00:00,21.336,30.734,17.018,24.892
2017-01-24 00:00:00,9.398,1.27,8.636,31.496
2017-01-25 00:00:00,0.508,1.778,0.254,1.016
2017-01-26 00:00:00,0.762,0,1.016,1.778
2017-01-27 00:00:00,1.016,0.254,0.254,0
2017-01-28 00:00:00,0,0,0.254,0.762
2017-01-29 00:00:00,0,2.54,0.508,0
2017-01-30 00:00:00,2.032,0.254,1.27,2.286
2017-01-31 00:00:00,0,0,0,0
2017-02-01 00:00:00,0,0,0,0
2017-02-02 00:00:00,0,0,0,0
2017-02-03 00:00:00,0,0,0,0
2017-02-04 00:00:00,0,0,0,0
2017-02-05 00:00:00,0,0,0,0
2017-02-06 00:00:00,0,1.27,0,0
2017-02-07 00:00:00,0.508,6.604,0.254,0
2017-02-08 00:00:00,5.842,24.13,6.604,1.016
2017-02-09 00:00:00,9.906,0,5.334,9.398
2017-02-10 00:00:00,0.508,0,0.254,0
2017-02-11 00:00:00,0,0,0,0
2017-02-12 00:00:00,0,0,0,0
2017-02-13 00:00:00,0,0,0,0.762
2017-02-14 00:00:00,0,0,0,0
2017-02-15 00:00:00,2.54,0,4.064,12.446
2017-02-16 00:00:00,0,0,0,0
2017-02-17 00:00:00,0,0,0,0
2017-02-18 00:00:00,0,0.508,0.508,0
2017-02-19 00:00:00,1.524,0,1.27,0.762
2017-02-20 00:00:00,0,0,0,0
2017-02-21 00:00:00,0,0,0,0
2017-02-22 00:00:00,8.128,7.366,6.35,0
2017-02-23 00:00:00,1.016,0,0.508,0
2017-02-24 00:00:00,0,0,0,0
2017-02-25 00:00:00,16.256,14.732,13.97,18.034
2017-02-26 00:00:00,0,0,0,0
2017-02-27 00:00:00,0,0,0,0
2017-02-28 00:00:00,1.27,18.034,1.27,0
2017-03-01 00:00:00,2.794,23.368,2.54,6.096
2017-03-02 00:00:00,19.05,0,16.51,23.876
2017-03-03 00:00:00,0.254,0,0,0.762
2017-03-04 00:00:00,0,0,0,0
2017-03-05 00:00:00,0,0,0,0
2017-03-06 00:00:00,0.508,1.016,0,0
2017-03-07 00:00:00,1.778,16.51,1.27,1.524
2017-03-08 00:00:00,20.828,0,19.304,15.494
2017-03-09 00:00:00,0,0,0,0
2017-03-10 00:00:00,4.318,2.286,5.588,7.366
2017-03-11 00:00:00,0,0,0,0
2017-03-12 00:00:00,0,0,0,0
2017-03-13 00:00:00,0,3.048,0,0
2017-03-14 00:00:00,0,0.508,0,10.668
2017-03-15 00:00:00,0,0,0,1.27
2017-03-16 00:00:00,0,0,0,0
2017-03-17 00:00:00,0,12.446,0.254,0
2017-03-18 00:00:00,6.604,1.016,5.08,3.556
2017-03-19 00:00:00,0,0,0.254,0
2017-03-20 00:00:00,0,2.54,0,0
2017-03-21 00:00:00,2.54,0,2.54,2.794
2017-03-22 00:00:00,0,0,0,0
2017-03-23 00:00:00,0,0,0,0
2017-03-24 00:00:00,0,0,0,0
2017-03-25 00:00:00,0,0,0,0
2017-03-26 00:00:00,2.286,15.494,3.302,0
2017-03-27 00:00:00,5.842,17.78,4.826,6.858
2017-03-28 00:00:00,12.192,0,17.526,0
2017-03-29 00:00:00,0,0,0.254,0
2017-03-30 00:00:00,0,0,0,0
2017-03-31 00:00:00,11.684,16.256,10.922,0
2017-04-01 00:00:00,1.778,0,1.016,4.318
2017-04-02 00:00:00,0,0,0,1.27
2017-04-03 00:00:00,0,14.986,0,0
2017-04-04 00:00:00,13.462,1.27,12.954,15.24
2017-04-05 00:00:00,0,4.826,0,0
2017-04-06 00:00:00,0.762,5.334,0.508,6.35
2017-04-07 00:00:00,6.096,0,6.35,7.366
2017-04-08 00:00:00,0,0,0,0
2017-04-09 00:00:00,0,0,0,0
2017-04-10 00:00:00,0,0,0,0
2017-04-11 00:00:00,0,1.27,0,0
2017-04-12 00:00:00,10.16,0.508,3.81,3.81
2017-04-13 00:00:00,0,0,0,0
2017-04-14 00:00:00,0,0,0,0
2017-04-15 00:00:00,0,0,0,0
2017-04-16 00:00:00,0,0.762,0,0
2017-04-17 00:00:00,10.922,6.35,12.446,0.508
2017-04-18 00:00:00,10.414,0,5.334,13.208
2017-04-19 00:00:00,1.016,32.004,1.016,1.524
2017-04-20 00:00:00,0.508,0.508,5.08,1.524
2017-04-21 00:00:00,2.54,3.302,2.286,5.08
2017-04-22 00:00:00,11.684,10.668,15.748,22.606
2017-04-23 00:00:00,19.05,19.05,0,36.576
2017-04-24 00:00:00,34.29,0,0,44.704
2017-04-25 00:00:00,0,0,0,0
2017-04-26 00:00:00,0,0,0,0
2017-04-27 00:00:00,0,1.27,0.508,0
2017-04-28 00:00:00,2.286,0,1.778,2.286
2017-04-29 00:00:00,0,0,0,0
2017-04-30 00:00:00,0,0,0,6.858
2017-05-01 00:00:00,0.508,9.906,5.842,0
2017-05-02 00:00:00,16.256,0,17.78,13.716
2017-05-03 00:00:00,0,0,0,0
2017-05-04 00:00:00,0,3.81,0,0
2017-05-05 00:00:00,0,9.906,16.51,6.35
2017-05-06 00:00:00,8.89,4.064,0,11.43
2017-05-07 00:00:00,1.524,0,0,1.524
2017-05-08 00:00:00,0,0.762,0,0
2017-05-09 00:00:00,10.922,9.906,6.858,9.144
2017-05-10 00:00:00,0,0,0,1.778
2017-05-11 00:00:00,0,13.716,0,0
2017-05-12 00:00:00,2.794,10.16,4.572,5.842
2017-05-13 00:00:00,0,0,18.288,22.098
2017-05-14 00:00:00,0,0,0,0
2017-05-15 00:00:00,0,0,0,0
2017-05-16 00:00:00,0,0,0,0
2017-05-17 00:00:00,0,0,0,0
2017-05-18 00:00:00,0,0,0,0
2017-05-19 00:00:00,4.572,46.99,9.398,0
2017-05-20 00:00:00,33.528,1.016,21.336,19.304
2017-05-21 00:00:00,1.27,5.334,17.78,9.398
2017-05-22 00:00:00,4.572,0,9.398,3.302
2017-05-23 00:00:00,0,3.048,0.254,0
2017-05-24 00:00:00,11.43,9.652,8.128,18.288
2017-05-25 00:00:00,15.748,19.558,0,18.542
2017-05-26 00:00:00,20.32,0,0,15.24
2017-05-27 00:00:00,0,36.322,0,0
2017-05-28 00:00:00,17.272,0,8.636,44.704
2017-05-29 00:00:00,0.762,0,0,0
2017-05-30 00:00:00,0,1.016,0,0
2017-05-31 00:00:00,0,3.048,0,0
2017-06-01 00:00:00,0,0,0,0
2017-06-02 00:00:00,0,0,0,5.08
2017-06-03 00:00:00,0,0,0,0
2017-06-04 00:00:00,0,0,0,0
2017-06-05 00:00:00,1.524,34.29,0,1.27
2017-06-06 00:00:00,18.542,0,8.89,9.398
2017-06-07 00:00:00,0,0,0,0
2017-06-08 00:00:00,0,0,0,0
2017-06-09 00:00:00,0,0,0,7.112
2017-06-10 00:00:00,0,0,0,0
2017-06-11 00:00:00,0,0,0,0
2017-06-12 00:00:00,0,0,0,0
2017-06-13 00:00:00,0,41.91,0,0
2017-06-14 00:00:00,2.54,1.016,7.366,3.048
2017-06-15 00:00:00,2.54,1.27,1.27,1.016
2017-06-16 00:00:00,0,0,0.762,1.016
2017-06-17 00:00:00,0,0,0,1.524
2017-06-18 00:00:00,0,10.414,0,0
2017-06-19 00:00:00,15.24,43.688,13.462,0
2017-06-20 00:00:00,10.668,0,11.43,5.842
2017-06-21 00:00:00,0,0,0,0
2017-06-22 00:00:00,0,9.144,0,0
2017-06-23 00:00:00,12.7,14.986,12.192,15.494
2017-06-24 00:00:00,8.636,1.016,9.144,7.62
2017-06-25 00:00:00,0,0,0,0
2017-06-26 00:00:00,0,0,0,0
2017-06-27 00:00:00,0,0,0,0
2017-06-28 00:00:00,0,0,0,0
2017-06-29 00:00:00,0,0,0,0
2017-06-30 00:00:00,0,0,0.762,0
2017-07-01 00:00:00,3.556,3.302,14.732,0.508
2017-07-02 00:00:00,0,0,0,0
2017-07-03 00:00:00,0,0.254,0,0
2017-07-04 00:00:00,3.556,2.54,6.858,8.382
2017-07-05 00:00:00,6.096,6.096,18.796,18.796
2017-07-06 00:00:00,5.08,8.128,12.446,5.588
2017-07-07 00:00:00,23.622,6.604,32.512,5.334
2017-07-08 00:00:00,5.334,0.254,5.08,0
2017-07-09 00:00:00,0,0,0,0
2017-07-10 00:00:00,0,0,0,0
2017-07-11 00:00:00,0,0,0,0
2017-07-12 00:00:00,0,0,0,0
2017-07-13 00:00:00,0,0,33.274,0
2017-07-14 00:00:00,6.858,16.764,0,0
2017-07-15 00:00:00,1.27,0.508,2.54,4.318
2017-07-16 00:00:00,0,0,0,0
2017-07-17 00:00:00,0,0,0,0
2017-07-18 00:00:00,0,0,0,0
2017-07-19 00:00:00,0,0,0,1.016
2017-07-20 00:00:00,0,0,0,0
2017-07-21 00:00:00,0,0,0,0
2017-07-22 00:00:00,0,0.254,0,0
2017-07-23 00:00:00,1.524,22.86,2.54,0
2017-07-24 00:00:00,0,9.144,0,7.62
2017-07-25 00:00:00,0,0,0,3.81
2017-07-26 00:00:00,0,0,0,0
2017-07-27 00:00:00,0,21.082,0,0
2017-07-28 00:00:00,34.29,7.112,15.24,34.29
2017-07-29 00:00:00,20.574,0,23.368,27.686
2017-07-30 00:00:00,0.508,0,0,0
2017-07-31 00:00:00,0,0,0,0
2017-08-01 00:00:00,0,0,0,0
2017-08-02 00:00:00,0,0,0,0
2017-08-03 00:00:00,0,0,1.27,0
2017-08-04 00:00:00,0,4.318,0,0
2017-08-05 00:00:00,28.702,0,28.194,0
2017-08-06 00:00:00,0,2.54,0,0
2017-08-07 00:00:00,68.58,31.496,48.768,21.082
2017-08-08 00:00:00,14.986,0,2.54,47.752
2017-08-09 00:00:00,0,0,0,0
2017-08-10 00:00:00,2.794,12.192,3.81,3.048
2017-08-11 00:00:00,9.906,0,30.988,1.524
2017-08-12 00:00:00,0,5.334,10.922,20.066
2017-08-13 00:00:00,5.334,0,0,11.938
2017-08-14 00:00:00,0.508,7.874,0.254,0
2017-08-15 00:00:00,13.208,0.508,28.194,8.89
2017-08-16 00:00:00,0.508,1.27,1.27,19.812
2017-08-17 00:00:00,0,5.334,0,8.382
2017-08-18 00:00:00,1.524,10.668,6.096,1.016
2017-08-19 00:00:00,16.51,0,3.302,9.144
2017-08-20 00:00:00,0,0,0,0
2017-08-21 00:00:00,0,0,0,0
2017-08-22 00:00:00,0,6.858,0,0
2017-08-23 00:00:00,11.43,0,14.478,15.24
2017-08-24 00:00:00,0,0,0,0
2017-08-25 00:00:00,0,0,0,0
2017-08-26 00:00:00,0,0,0,0
2017-08-27 00:00:00,0,0,0,0
2017-08-28 00:00:00,0,27.432,0,0
2017-08-29 00:00:00,3.302,0,3.556,0
2017-08-30 00:00:00,0,0,0,0
2017-08-31 00:00:00,1.016,0,0,0
2017-09-01 00:00:00,23.876,55.372,21.336,6.096
2017-09-02 00:00:00,11.43,1.524,6.35,3.048
2017-09-03 00:00:00,1.016,0.254,1.27,12.7
2017-09-04 00:00:00,0,0,0,0
2017-09-05 00:00:00,0,7.62,0,0
2017-09-06 00:00:00,20.32,0,9.906,11.176
2017-09-07 00:00:00,0,0,0,0
2017-09-08 00:00:00,0,0,0,0
2017-09-09 00:00:00,0,0,0,0
2017-09-10 00:00:00,0,0,0,0
2017-09-11 00:00:00,0,1.016,0,0
2017-09-12 00:00:00,3.048,1.778,3.81,3.81
2017-09-13 00:00:00,2.286,3.81,0,0.508
2017-09-14 00:00:00,7.874,6.858,7.366,1.27
2017-09-15 00:00:00,2.54,0,2.286,1.778
2017-09-16 00:00:00,0,0,0,0
2017-09-17 00:00:00,0,0,0,0
2017-09-18 00:00:00,0,0,0,0
2017-09-19 00:00:00,0,6.35,0,0
2017-09-20 00:00:00,0.254,0,0,0
2017-09-21 00:00:00,0,0,0,0
2017-09-22 00:00:00,1.27,0,0,0
2017-09-23 00:00:00,0,0,0,0
2017-09-24 00:00:00,0,0,0,0
2017-09-25 00:00:00,0,0,0,0
2017-09-26 00:00:00,0,0,0,0
2017-09-27 00:00:00,0,0,0,0
2017-09-28 00:00:00,0,0,0,0
2017-09-29 00:00:00,0,0,0,0
2017-09-30 00:00:00,0,0,0,0
2017-10-01 00:00:00,0,0,0,0
2017-10-02 00:00:00,0,0,0,0
2017-10-03 00:00:00,0,0,0,0
2017-10-04 00:00:00,0,0,0,0
2017-10-05 00:00:00,0,0,0,0
2017-10-06 00:00:00,0,0,0,0
2017-10-07 00:00:00,0,0.254,0,0
2017-10-08 00:00:00,8.636,57.404,18.288,5.588
2017-10-09 00:00:00,54.61,3.048,49.276,25.146
2017-10-10 00:00:00,1.27,10.16,0,1.524
2017-10-11 00:00:00,15.24,0.254,27.178,7.366
2017-10-12 00:00:00,0.508,0,0,0
2017-10-13 00:00:00,0,0,0,0
2017-10-14 00:00:00,0,0,0,0
2017-10-15 00:00:00,0,9.398,0,0
2017-10-16 00:00:00,19.304,0,23.622,11.684
2017-10-17 00:00:00,0,0,0,0
2017-10-18 00:00:00,0,0,0,0
2017-10-19 00:00:00,0,0,0,0
2017-10-20 00:00:00,0,0,0,0
2017-10-21 00:00:00,0,0,0,0
2017-10-22 00:00:00,0,0,0,0
2017-10-23 00:00:00,0,36.83,0.508,0
2017-10-24 00:00:00,36.83,0,38.862,60.96
2017-10-25 00:00:00,0.254,0,0.254,0
2017-10-26 00:00:00,0,0,0,0
2017-10-27 00:00:00,0,0,0,0
2017-10-28 00:00:00,6.858,16.002,9.906,0
2017-10-29 00:00:00,12.7,1.016,10.16,23.876
2017-10-30 00:00:00,0.508,0,0,1.524
2017-10-31 00:00:00,0,0,0,0
2017-11-01 00:00:00,0.254,0,0,0
2017-11-02 00:00:00,0.762,0,0,0
2017-11-03 00:00:00,0,2.032,0,0
2017-11-04 00:00:00,4.572,0,0,0.508
2017-11-05 00:00:00,0.508,0,0,0
2017-11-06 00:00:00,7.874,1.778,17.78,6.096
2017-11-07 00:00:00,3.556,7.112,2.032,5.588
2017-11-08 00:00:00,4.572,1.016,5.08,2.286
2017-11-09 00:00:00,0,0,0.254,1.27
2017-11-10 00:00:00,0,0,0,0
2017-11-11 00:00:00,0,0,0,0
2017-11-12 00:00:00,0,0.254,0,0
2017-11-13 00:00:00,1.27,1.27,1.016,2.286
2017-11-14 00:00:00,0.254,0,0,0
2017-11-15 00:00:00,0,2.54,0,0
2017-11-16 00:00:00,2.032,0.254,2.286,1.016
2017-11-17 00:00:00,0,0,0,0
2017-11-18 00:00:00,0,15.24,0,0
2017-11-19 00:00:00,12.7,0.762,17.526,16.51
2017-11-20 00:00:00,0.508,0,0,1.016
2017-11-21 00:00:00,0,0,0,0
2017-11-22 00:00:00,0,0,0,0
2017-11-23 00:00:00,0,0,0,0
2017-11-24 00:00:00,0,0,0,0
2017-11-25 00:00:00,0,0,0,0
2017-11-26 00:00:00,0,0,0,0
2017-11-27 00:00:00,0,0,0,0
2017-11-28 00:00:00,0,0,0,0
2017-11-29 00:00:00,0,0,0,0
2017-11-30 00:00:00,0,0.762,0,0
2017-12-01 00:00:00,2.794,0,1.524,2.794
2017-12-02 00:00:00,0.508,0,0,0
2017-12-03 00:00:00,0,0,0,0
2017-12-04 00:00:00,0,0,0,0
2017-12-05 00:00:00,0,17.526,0,0
2017-12-06 00:00:00,14.224,0,16.51,11.176
2017-12-07 00:00:00,0,0,0,0
2017-12-08 00:00:00,0,0,0,0
2017-12-09 00:00:00,0,1.016,0,0
2017-12-10 00:00:00,0.508,0,0.254,1.27
2017-12-11 00:00:00,0,0,0,0
2017-12-12 00:00:00,0,0,0,0
2017-12-13 00:00:00,0,0,0.254,0
2017-12-14 00:00:00,0,0,0,0
2017-12-15 00:00:00,0,0,0,0
2017-12-16 00:00:00,0,0,0,0
2017-12-17 00:00:00,0,0.762,0,0
2017-12-18 00:00:00,1.016,0.254,0.508,0.508
2017-12-19 00:00:00,0,0,0,0
2017-12-20 00:00:00,0,0,0.254,0.508
2017-12-21 00:00:00,0,0,0,0.508
2017-12-22 00:00:00,0,10.668,0,0
2017-12-23 00:00:00,41.148,51.562,49.784,10.414
2017-12-24 00:00:00,18.288,1.27,0,42.164
2017-12-25 00:00:00,1.27,0.254,0.762,2.54
2017-12-26 00:00:00,0,0,0,0
2017-12-27 00:00:00,0,0,0,0
2017-12-28 00:00:00,0,0,0,0
2017-12-29 00:00:00,0,0,0,0
2017-12-30 00:00:00,0,0,0,0
2017-12-31 00:00:00,0,0,0,0
2018-01-01 00:00:00,0,0,0.254,0
2018-01-02 00:00:00,0,0,0,0
2018-01-03 00:00:00,0,0,0,0
2018-01-04 00:00:00,0,0.254,0,0.508
2018-01-05 00:00:00,0,0,0,0.508
2018-01-06 00:00:00,0,0,0,0
2018-01-07 00:00:00,0,0,0,0
2018-01-08 00:00:00,0,7.112,0.254,0
2018-01-09 00:00:00,10.16,0,9.652,6.858
2018-01-10 00:00:00,0.762,0,0.508,0.762
2018-01-11 00:00:00,0,1.524,0,0
2018-01-12 00:00:00,0.762,11.938,0.508,14.732
2018-01-13 00:00:00,9.144,1.27,10.668,10.668
2018-01-14 00:00:00,0,0,0.254,0.762
2018-01-15 00:00:00,0,0,0.254,0
2018-01-16 00:00:00,0.508,5.842,0.254,0
2018-01-17 00:00:00,2.54,0,5.08,5.588
2018-01-18 00:00:00,4.318,0,0,0
2018-01-19 00:00:00,0,0,0,0
2018-01-20 00:00:00,0,0,0,0
2018-01-21 00:00:00,0,1.27,0,0
2018-01-22 00:00:00,0,0.762,0,0
2018-01-23 00:00:00,1.016,2.286,1.27,2.032
2018-01-24 00:00:00,0,0.762,0.508,0.508
2018-01-25 00:00:00,0,0,0,0
2018-01-26 00:00:00,0,0,0,0
2018-01-27 00:00:00,0,5.334,0,0
2018-01-28 00:00:00,12.192,8.636,12.446,6.858
2018-01-29 00:00:00,1.524,1.778,0.254,8.636
2018-01-30 00:00:00,0.508,0,0.254,4.572
2018-01-31 00:00:00,0,0,0,0
2018-02-01 00:00:00,0,15.494,0,0
2018-02-02 00:00:00,12.954,0,14.224,10.16
2018-02-03 00:00:00,0,0,2.032,0
2018-02-04 00:00:00,7.62,18.542,19.304,1.27
2018-02-05 00:00:00,12.7,0.254,2.54,12.192
2018-02-06 00:00:00,0,0.762,0,0
2018-02-07 00:00:00,22.86,24.892,26.67,5.588
2018-02-08 00:00:00,6.604,0,6.35,9.144
2018-02-09 00:00:00,0,0,0,0
2018-02-10 00:00:00,8.382,34.29,13.97,4.826
2018-02-11 00:00:00,54.356,19.558,20.32,82.296
2018-02-12 00:00:00,8.636,4.064,7.62,9.652
2018-02-13 00:00:00,0.762,0.254,0.762,0
2018-02-14 00:00:00,1.016,7.112,0.762,7.112
2018-02-15 00:00:00,0,0.762,3.556,3.048
2018-02-16 00:00:00,4.064,21.844,3.302,0
2018-02-17 00:00:00,14.732,15.748,0.254,22.352
2018-02-18 00:00:00,23.622,0,0,32.004
2018-02-19 00:00:00,0.762,0.254,0,0.508
2018-02-20 00:00:00,0,0,0,0
2018-02-21 00:00:00,0,8.382,0,0
2018-02-22 00:00:00,8.382,1.016,11.684,5.588
2018-02-23 00:00:00,1.27,0.254,0.762,0
2018-02-24 00:00:00,4.826,18.796,6.858,1.778
2018-02-25 00:00:00,25.4,8.382,24.13,27.432
2018-02-26 00:00:00,0.762,0,0.508,2.54
2018-02-27 00:00:00,0,0,0,1.27
2018-02-28 00:00:00,0.762,2.54,1.27,0
2018-03-01 00:00:00,13.208,14.986,12.446,8.382
2018-03-02 00:00:00,6.858,0,1.016,12.192
2018-03-03 00:00:00,0,0,0,0
2018-03-04 00:00:00,0,0,0,0
2018-03-05 00:00:00,0,0.254,0,0
2018-03-06 00:00:00,2.032,2.286,3.302,3.302
2018-03-07 00:00:00,1.27,1.016,0.508,1.778
2018-03-08 00:00:00,0.508,0.508,0.254,0.762
2018-03-09 00:00:00,1.778,2.54,0,0.762
2018-03-10 00:00:00,0.254,3.048,0.254,0
2018-03-11 00:00:00,0,3.556,0,0
2018-03-12 00:00:00,12.7,16.764,6.604,9.144
2018-03-13 00:00:00,1.27,0.254,1.016,2.794
2018-03-14 00:00:00,0,0.762,0.508,2.54
2018-03-15 00:00:00,0,0,0,15.24
2018-03-16 00:00:00,0,0,0,0
2018-03-17 00:00:00,1.27,2.032,0.508,2.54
2018-03-18 00:00:00,1.778,0,1.778,1.778
2018-03-19 00:00:00,0,8.128,0,0
2018-03-20 00:00:00,10.16,1.524,10.668,6.858
2018-03-21 00:00:00,2.032,6.858,4.572,10.16
2018-03-22 00:00:00,1.778,0,2.286,4.318
2018-03-23 00:00:00,0,0,0,0
2018-03-24 00:00:00,0,45.72,3.81,0
2018-03-25 00:00:00,49.784,0,44.704,39.37
2018-03-26 00:00:00,0,0,0,0
2018-03-27 00:00:00,1.016,3.81,0,0
2018-03-28 00:00:00,0,27.94,0,0
2018-03-29 00:00:00,24.892,31.496,16.764,0
2018-03-30 00:00:00,18.288,3.556,19.304,11.938
2018-03-31 00:00:00,1.27,0,0.762,1.778
2018-04-01 00:00:00,0.508,5.588,0.508,0
2018-04-02 00:00:00,18.034,19.304,13.716,2.54
2018-04-03 00:00:00,2.032,19.304,2.794,4.572
2018-04-04 00:00:00,35.306,11.43,31.75,11.684
2018-04-05 00:00:00,0,0,0,0
2018-04-06 00:00:00,0,0.762,0,0
2018-04-07 00:00:00,4.064,2.54,3.302,9.652
2018-04-08 00:00:00,1.27,0,0.762,1.778
2018-04-09 00:00:00,2.54,1.27,1.524,2.794
2018-04-10 00:00:00,0,0,0,0.762
2018-04-11 00:00:00,0,0,0,0
2018-04-12 00:00:00,0,0,0,0
2018-04-13 00:00:00,0,0,0,0
2018-04-14 00:00:00,0,0,0,0
2018-04-15 00:00:00,4.318,18.288,17.526,0
2018-04-16 00:00:00,13.97,1.524,14.478,19.304
2018-04-17 00:00:00,0.508,0,1.27,1.778
2018-04-18 00:00:00,0,0.254,0,0
2018-04-19 00:00:00,3.302,1.27,3.81,3.556
2018-04-20 00:00:00,0,0,0,0
2018-04-21 00:00:00,0,0,0,0
2018-04-22 00:00:00,0,0,0,0
2018-04-23 00:00:00,2.794,14.478,1.524,0
2018-04-24 00:00:00,16.51,3.556,20.32,6.096
2018-04-25 00:00:00,10.16,2.54,6.096,8.128
2018-04-26 00:00:00,0.508,2.286,1.016,5.842
2018-04-27 00:00:00,2.032,0.254,3.048,3.048
2018-04-28 00:00:00,0,0,0,0
2018-04-29 00:00:00,0,0,0,0
2018-04-30 00:00:00,0,0,0,0
2018-05-01 00:00:00,0,0,0,0
2018-05-02 00:00:00,0,0,0,0
2018-05-03 00:00:00,0,0,0,0
2018-05-04 00:00:00,0,2.54,0,0
2018-05-05 00:00:00,20.828,38.862,13.462,0.762
2018-05-06 00:00:00,17.272,28.448,21.082,22.86
2018-05-07 00:00:00,2.794,0,0.762,2.54
2018-05-08 00:00:00,0,0,1.524,2.794
2018-05-09 00:00:00,0,0,0,0
2018-05-10 00:00:00,0,0,1.016,0
2018-05-11 00:00:00,0,0,0,3.048
2018-05-12 00:00:00,0,0,0,0
2018-05-13 00:00:00,0,0,0,0
2018-05-14 00:00:00,0,0,0,0
2018-05-15 00:00:00,0,0,0,0
2018-05-16 00:00:00,5.842,1.524,6.35,22.098
2018-05-17 00:00:00,1.27,0,2.54,1.016
2018-05-18 00:00:00,0,27.686,0,13.462
2018-05-19 00:00:00,10.668,12.7,34.798,0.762
2018-05-20 00:00:00,6.096,0,10.922,17.78
2018-05-21 00:00:00,0,8.382,0,0
2018-05-22 00:00:00,0.254,9.144,17.526,5.08
2018-05-23 00:00:00,2.032,0,4.572,0
2018-05-24 00:00:00,0,0,0,0
2018-05-25 00:00:00,0,0,0,0
2018-05-26 00:00:00,0,2.794,0,1.27
2018-05-27 00:00:00,1.27,5.842,1.27,5.334
2018-05-28 00:00:00,0,0.508,0,1.524
2018-05-29 00:00:00,1.524,4.318,0,1.778
2018-05-30 00:00:00,0,5.08,0,1.016
2018-05-31 00:00:00,4.826,9.144,9.906,18.796
2018-06-01 00:00:00,7.62,3.048,19.05,3.556
2018-06-02 00:00:00,10.16,0,0,10.414
2018-06-03 00:00:00,0,0,0,6.858
2018-06-04 00:00:00,4.318,0,0,1.27
2018-06-05 00:00:00,0,0,0,0
2018-06-06 00:00:00,0,0,0,0
2018-06-07 00:00:00,0,0,0,0
2018-06-08 00:00:00,0,0,0,0
2018-06-09 00:00:00,0,0,0,0
2018-06-10 00:00:00,0,0.762,0,8.382
2018-06-11 00:00:00,1.27,0,5.334,12.954
2018-06-12 00:00:00,3.81,22.098,3.81,22.352
2018-06-13 00:00:00,10.668,0.762,25.4,0
2018-06-14 00:00:00,2.794,0,0,1.016
2018-06-15 00:00:00,0,0,0,0
2018-06-16 00:00:00,0,0,0,0
2018-06-17 00:00:00,0,0,0,0
2018-06-18 00:00:00,0,0.254,0,0
2018-06-19 00:00:00,0,0,0,0
2018-06-20 00:00:00,0.508,0.508,0.254,0
2018-06-21 00:00:00,1.778,6.35,0,0
2018-06-22 00:00:00,10.16,21.844,6.604,4.064
2018-06-23 00:00:00,6.096,2.286,4.064,12.446
2018-06-24 00:00:00,5.08,0.254,5.08,2.032
2018-06-25 00:00:00,15.748,30.226,10.16,1.016
2018-06-26 00:00:00,22.352,25.908,29.718,60.706
2018-06-27 00:00:00,16.51,3.302,14.986,31.75
2018-06-28 00:00:00,3.048,0,5.842,1.778
2018-06-29 00:00:00,0,0,0,0
2018-06-30 00:00:00,0,0,0,0
2018-07-01 00:00:00,0,8.382,0,0
2018-07-02 00:00:00,3.048,3.556,1.524,8.128
2018-07-03 00:00:00,0,9.652,1.524,0
2018-07-04 00:00:00,0,0,0,0
2018-07-05 00:00:00,0,0,0,0
2018-07-06 00:00:00,0,7.366,0,1.27
2018-07-07 00:00:00,10.668,0,0.762,2.54
2018-07-08 00:00:00,0,0,0,0
2018-07-09 00:00:00,0,0,0,0
2018-07-10 00:00:00,0,1.27,0,0
2018-07-11 00:00:00,0,0,0.254,0
2018-07-12 00:00:00,10.414,0,10.16,0
2018-07-13 00:00:00,0,0,0,0
2018-07-14 00:00:00,0,0,0,0
2018-07-15 00:00:00,0,7.874,0,0
2018-07-16 00:00:00,0,2.794,0,11.938
2018-07-17 00:00:00,24.384,13.97,0,1.27
2018-07-18 00:00:00,15.24,0,0,33.274
2018-07-19 00:00:00,0,0,0,0
2018-07-20 00:00:00,0,23.368,0,0
2018-07-21 00:00:00,36.068,19.304,0,26.67
2018-07-22 00:00:00,51.308,5.08,0,15.748
2018-07-23 00:00:00,1.27,5.334,9.906,1.016
2018-07-24 00:00:00,8.89,0,4.826,1.524
2018-07-25 00:00:00,0.254,0,0,2.032
2018-07-26 00:00:00,0,0,0,2.032
2018-07-27 00:00:00,0,0,0,0
2018-07-28 00:00:00,0,0,0,0.762
2018-07-29 00:00:00,0,0,0,0
2018-07-30 00:00:00,0,16.256,0,0
2018-07-31 00:00:00,17.78,4.318,0.508,1.016
2018-08-01 00:00:00,2.54,2.032,6.096,7.874
2018-08-02 00:00:00,7.874,0,5.588,8.128
2018-08-03 00:00:00,0,0,0,5.334
2018-08-04 00:00:00,0,0,0,0
2018-08-05 00:00:00,0,0,0,0
2018-08-06 00:00:00,0,2.794,0,0
2018-08-07 00:00:00,0.762,35.814,2.032,0
2018-08-08 00:00:00,18.542,9.398,21.844,18.796
2018-08-09 00:00:00,3.81,0,1.016,10.922
2018-08-10 00:00:00,0.508,0.508,0,0
2018-08-11 00:00:00,7.62,0,8.382,43.942
2018-08-12 00:00:00,0.508,0,0,0
2018-08-13 00:00:00,0,0,0,0.762
2018-08-14 00:00:00,0,0,0,0
2018-08-15 00:00:00,0,1.524,0,0
2018-08-16 00:00:00,0,0,0,0
2018-08-17 00:00:00,6.604,1.016,10.922,1.27
2018-08-18 00:00:00,45.974,32.004,3.048,3.81
2018-08-19 00:00:00,10.16,0,13.97,6.35
2018-08-20 00:00:00,0,0,0,0
2018-08-21 00:00:00,0,0.762,0,0
2018-08-22 00:00:00,0,0.508,3.048,3.556
2018-08-23 00:00:00,0,0,1.27,2.794
2018-08-24 00:00:00,0,0,0,0
2018-08-25 00:00:00,0,0,0,0
2018-08-26 00:00:00,0,0,0,0
2018-08-27 00:00:00,0,0,0,0
2018-08-28 00:00:00,0,0,0,0
2018-08-29 00:00:00,0,0.762,0,0
2018-08-30 00:00:00,1.778,0,12.954,3.302
2018-08-31 00:00:00,0,25.4,0,1.016
2018-09-01 00:00:00,7.874,0,20.32,13.462
2018-09-02 00:00:00,0,23.368,0,0
2018-09-03 00:00:00,0,0,0,0.508
2018-09-04 00:00:00,0,0,0.254,5.588
2018-09-05 00:00:00,0,0,0,0
2018-09-06 00:00:00,0,0,0,0
2018-09-07 00:00:00,0,0.254,6.35,7.62
2018-09-08 00:00:00,0,10.922,0,0
2018-09-09 00:00:00,0,19.05,0,7.366
2018-09-10 00:00:00,11.938,11.176,23.368,1.27
2018-09-11 00:00:00,5.588,0,2.794,12.192
2018-09-12 00:00:00,0,0,0,1.27
2018-09-13 00:00:00,0,0,0,0
2018-09-14 00:00:00,0,0,0,0.508
2018-09-15 00:00:00,0,0.508,0,10.922
2018-09-16 00:00:00,0,11.43,0,0
2018-09-17 00:00:00,18.542,16.764,9.652,27.178
2018-09-18 00:00:00,6.35,2.54,4.572,14.732
2018-09-19 00:00:00,0,0,0,0
2018-09-20 00:00:00,0,0,0,0
2018-09-21 00:00:00,0,0,0,0
2018-09-22 00:00:00,10.668,26.162,0,0
2018-09-23 00:00:00,25.4,36.576,0,22.352
2018-09-24 00:00:00,19.05,16.764,0,17.272
2018-09-25 00:00:00,11.43,2.794,14.732,4.572
2018-09-26 00:00:00,6.858,6.858,7.874,1.27
2018-09-27 00:00:00,9.652,47.752,13.208,12.7
2018-09-28 00:00:00,40.386,0,36.322,26.67
2018-09-29 00:00:00,0,0,0,0
2018-09-30 00:00:00,0,0,0,0
2018-10-01 00:00:00,0,0,0,0
2018-10-02 00:00:00,0,5.588,0,0
2018-10-03 00:00:00,0.508,0,0,0
2018-10-04 00:00:00,0,28.448,0,0
2018-10-05 00:00:00,20.574,17.018,5.08,0
2018-10-06 00:00:00,0,0,0,0
2018-10-07 00:00:00,0,0,3.556,0
2018-10-08 00:00:00,0,0,0,0
2018-10-09 00:00:00,0,0,0,0
2018-10-10 00:00:00,0,4.064,0.508,0
2018-10-11 00:00:00,14.478,9.652,8.89,13.716
2018-10-12 00:00:00,3.048,0,4.572,17.526
2018-10-13 00:00:00,1.778,2.794,0,2.032
2018-10-14 00:00:00,3.048,16.764,0,1.524
2018-10-15 00:00:00,7.366,15.748,0,7.366
2018-10-16 00:00:00,13.208,0,12.954,8.382
2018-10-17 00:00:00,0.508,0,0,2.286
2018-10-18 00:00:00,0,0,0,0
2018-10-19 00:00:00,0,4.064,0,0
2018-10-20 00:00:00,10.668,5.334,10.414,0
2018-10-21 00:00:00,0.508,0,0.254,0
2018-10-22 00:00:00,0,0,0,0
2018-10-23 00:00:00,0,0,0,0
2018-10-24 00:00:00,0,0,0,0
2018-10-25 00:00:00,0,0,0,0
2018-10-26 00:00:00,9.652,14.986,0,10.16
2018-10-27 00:00:00,8.128,4.572,0,8.128
2018-10-28 00:00:00,2.032,0.508,0,9.144
2018-10-29 00:00:00,0,0,0,0
2018-10-30 00:00:00,0,0,0,0
2018-10-31 00:00:00,0,0.508,0,0
2018-11-01 00:00:00,3.81,3.81,3.81,0
2018-11-02 00:00:00,4.318,0.254,6.858,4.318
2018-11-03 00:00:00,0.508,0,0.508,2.54
2018-11-04 00:00:00,0,1.016,0,0
2018-11-05 00:00:00,3.556,1.778,5.08,1.524
2018-11-06 00:00:00,29.21,29.21,42.672,30.988
2018-11-07 00:00:00,0,0,0,0.762
2018-11-08 00:00:00,0,0,0,0
2018-11-09 00:00:00,4.826,20.066,5.334,0.762
2018-11-10 00:00:00,14.986,0,16.51,19.558
2018-11-11 00:00:00,0,0,0,0
2018-11-12 00:00:00,0,3.302,0,0
2018-11-13 00:00:00,10.16,4.572,11.43,13.462
2018-11-14 00:00:00,2.794,1.778,2.54,2.54
2018-11-15 00:00:00,17.526,22.606,19.304,6.604
2018-11-16 00:00:00,9.398,0,7.874,2.032
2018-11-17 00:00:00,0,0,0,0
2018-11-18 00:00:00,0,0,0,0
2018-11-19 00:00:00,0,0.254,0,0
2018-11-20 00:00:00,0.508,0.508,1.016,2.794
2018-11-21 00:00:00,0.762,0,0,1.27
2018-11-22 00:00:00,0,0,0,0
2018-11-23 00:00:00,0,0.254,0,0
2018-11-24 00:00:00,6.604,7.874,5.334,10.16
2018-11-25 00:00:00,1.016,0.762,1.27,1.27
2018-11-26 00:00:00,3.048,1.778,3.048,1.016
2018-11-27 00:00:00,0,0.508,1.27,1.778
2018-11-28 00:00:00,0,0,0.254,1.27
2018-11-29 00:00:00,0,0,0,0
2018-11-30 00:00:00,11.176,24.384,6.096,5.334
2018-12-01 00:00:00,10.668,7.112,18.542,4.318
2018-12-02 00:00:00,16.764,1.778,16.002,6.35
2018-12-03 00:00:00,0.254,0.254,0,0
2018-12-04 00:00:00,1.016,0.762,0.762,1.524
2018-12-05 00:00:00,1.016,0.254,1.016,1.524
2018-12-06 00:00:00,1.27,0,0,0.508
2018-12-07 00:00:00,0,0,0,0
2018-12-08 00:00:00,0,0,0,0
2018-12-09 00:00:00,5.08,13.208,8.89,14.478
2018-12-10 00:00:00,8.89,0,7.366,18.542
2018-12-11 00:00:00,4.826,0,0,0
2018-12-12 00:00:00,0,0,0,0
2018-12-13 00:00:00,0,0,0,0
2018-12-14 00:00:00,1.27,24.892,0,0
2018-12-15 00:00:00,28.448,42.926,31.242,9.652
2018-12-16 00:00:00,31.242,2.286,29.21,17.78
2018-12-17 00:00:00,0.508,0,0.254,1.524
2018-12-18 00:00:00,0,0,0,0
2018-12-19 00:00:00,0,0,0,0
2018-12-20 00:00:00,0,25.4,2.032,0
2018-12-21 00:00:00,0,12.446,25.4,21.844
2018-12-22 00:00:00,12.954,0.254,12.7,35.052
2018-12-23 00:00:00,0,8.128,0,1.27
2018-12-24 00:00:00,4.064,0,3.81,8.128
2018-12-25 00:00:00,0,0,0,0
2018-12-26 00:00:00,0,0,0,0
2018-12-27 00:00:00,0,11.938,0,0
2018-12-28 00:00:00,17.526,3.048,17.526,9.144
2018-12-29 00:00:00,2.54,0,1.524,2.794
2018-12-30 00:00:00,0,0,0,0
2018-12-31 00:00:00,21.844,35.052,0,15.748
2019-01-01 00:00:00,10.668,0,0,10.668
2019-01-02 00:00:00,0,0,0,0
2019-01-03 00:00:00,3.81,0.508,5.334,9.906
2019-01-04 00:00:00,0.254,4.826,1.016,0
2019-01-05 00:00:00,12.7,9.398,16.256,19.304
2019-01-06 00:00:00,0.254,0,0.508,0
2019-01-07 00:00:00,0,0,0,0
2019-01-08 00:00:00,0,0,0,0.508
2019-01-09 00:00:00,0,0,0,0
2019-01-10 00:00:00,0,0,0,0
2019-01-11 00:00:00,0.254,0,0,0
2019-01-12 00:00:00,1.524,14.478,1.778,0
2019-01-13 00:00:00,18.796,7.62,16.51,8.128
2019-01-14 00:00:00,2.794,0,2.54,5.588
2019-01-15 00:00:00,1.016,0,0.762,0.762
2019-01-16 00:00:00,0,0,0,0
2019-01-17 00:00:00,0,6.096,0,0
2019-01-18 00:00:00,16.002,0.254,9.144,6.35
2019-01-19 00:00:00,0,30.226,28.956,0
2019-01-20 00:00:00,27.94,1.778,4.064,19.812
2019-01-21 00:00:00,0,0,0.254,0
2019-01-22 00:00:00,0,0,0,0
2019-01-23 00:00:00,0,23.368,0,0
2019-01-24 00:00:00,32.004,6.096,14.478,25.4
2019-01-25 00:00:00,0,0,0.254,2.032
2019-01-26 00:00:00,0,0,0,0
2019-01-27 00:00:00,0,0.254,0,0
2019-01-28 00:00:00,0,0.762,0,0
2019-01-29 00:00:00,2.54,2.286,2.032,2.54
2019-01-30 00:00:00,1.016,0.254,0.254,0
2019-01-31 00:00:00,0,0,0.254,0.508
2019-02-01 00:00:00,0,0,0.254,0
2019-02-02 00:00:00,0,0,0,0
2019-02-03 00:00:00,0,0,0,0
2019-02-04 00:00:00,0,0.762,0,0
2019-02-05 00:00:00,2.54,0.508,2.032,0.762
2019-02-06 00:00:00,0,13.208,0.254,0
2019-02-07 00:00:00,33.02,17.526,40.64,24.384
2019-02-08 00:00:00,12.7,1.524,15.24,25.4
2019-02-09 00:00:00,0,0,0,0
2019-02-10 00:00:00,0,9.906,0.762,0
2019-02-11 00:00:00,17.272,15.748,17.018,22.098
2019-02-12 00:00:00,5.588,18.542,6.35,3.81
2019-02-13 00:00:00,20.32,0,23.114,18.034
2019-02-14 00:00:00,0,0,0,0
2019-02-15 00:00:00,0,0,0,0
2019-02-16 00:00:00,3.302,7.874,8.382,8.128
2019-02-17 00:00:00,3.81,21.082,9.652,0.508
2019-02-18 00:00:00,27.686,0,22.606,36.322
2019-02-19 00:00:00,0,1.778,0,0
2019-02-20 00:00:00,16.51,45.466,15.748,13.716
2019-02-21 00:00:00,41.148,6.35,44.196,26.924
2019-02-22 00:00:00,10.16,11.43,9.652,7.112
2019-02-23 00:00:00,22.606,45.212,26.924,20.32
2019-02-24 00:00:00,34.036,3.81,39.37,24.384
2019-02-25 00:00:00,0,0,0,0
2019-02-26 00:00:00,0,0,0,0
2019-02-27 00:00:00,0,0,0,0
2019-02-28 00:00:00,0,4.572,0,0
2019-03-01 00:00:00,2.794,0.508,3.048,2.032
2019-03-02 00:00:00,1.016,0,1.016,12.446
2019-03-03 00:00:00,1.778,10.668,4.318,2.794
2019-03-04 00:00:00,11.684,0,10.16,25.4
2019-03-05 00:00:00,0,0,0,0
2019-03-06 00:00:00,0,0,0.254,0
2019-03-07 00:00:00,0,0,0,0
2019-03-08 00:00:00,0.254,9.906,2.54,0.762
2019-03-09 00:00:00,7.366,22.86,3.81,3.81
2019-03-10 00:00:00,22.86,0,21.082,9.398
2019-03-11 00:00:00,0,0,0,0
2019-03-12 00:00:00,0,0,0,0
2019-03-13 00:00:00,0,0,0,0
2019-03-14 00:00:00,0,1.016,0,0
2019-03-15 00:00:00,11.176,0,17.272,2.286
2019-03-16 00:00:00,0,0,0,0
2019-03-17 00:00:00,0,0,0,0
2019-03-18 00:00:00,0,0,0,0
2019-03-19 00:00:00,0,0,0,0
2019-03-20 00:00:00,0,0,0,0
2019-03-21 00:00:00,0,1.016,0,0
2019-03-22 00:00:00,7.366,0,4.826,5.588
2019-03-23 00:00:00,0,0,0,0
2019-03-24 00:00:00,0,0,0,0
2019-03-25 00:00:00,0,5.08,0.254,0
2019-03-26 00:00:00,17.78,0,8.89,10.922
2019-03-27 00:00:00,0,0,0,0
2019-03-28 00:00:00,0,0,0,0
2019-03-29 00:00:00,0,0,0,0
2019-03-30 00:00:00,0.762,9.652,0.762,0
2019-03-31 00:00:00,10.16,0.254,11.43,13.97
2019-04-01 00:00:00,0.508,0,0,0.508
2019-04-02 00:00:00,0,0,0,0
2019-04-03 00:00:00,0,0,0,0
2019-04-04 00:00:00,0,0,0,0
2019-04-05 00:00:00,6.096,6.35,7.874,2.286
2019-04-06 00:00:00,0,0,0.254,0
2019-04-07 00:00:00,3.556,10.414,2.54,0
2019-04-08 00:00:00,2.794,8.636,1.27,2.032
2019-04-09 00:00:00,12.7,0,15.748,29.718
2019-04-10 00:00:00,0,0,0,0
2019-04-11 00:00:00,0,0,0,0
2019-04-12 00:00:00,0,8.128,0,0
2019-04-13 00:00:00,11.684,0,9.398,6.096
2019-04-14 00:00:00,2.54,13.97,11.43,0
2019-04-15 00:00:00,10.414,0.762,4.318,19.558
2019-04-16 00:00:00,0,0,0,0
2019-04-17 00:00:00,0,0,0,0
2019-04-18 00:00:00,0,0,0,0
2019-04-19 00:00:00,4.826,12.192,5.08,5.588
2019-04-20 00:00:00,15.24,0,22.606,26.67
2019-04-21 00:00:00,2.54,0,1.27,2.794
2019-04-22 00:00:00,0,0,0,0
2019-04-23 00:00:00,0,0,0,0
2019-04-24 00:00:00,0,0,0,0
2019-04-25 00:00:00,0,4.318,0,0
2019-04-26 00:00:00,5.08,6.35,5.08,1.016
2019-04-27 00:00:00,5.842,0,2.54,12.446
2019-04-28 00:00:00,1.27,0,1.016,1.27
2019-04-29 00:00:00,0,0,0,0
2019-04-30 00:00:00,0,0,0,0
2019-05-01 00:00:00,0,0,0,0
2019-05-02 00:00:00,0,23.622,0,0
2019-05-03 00:00:00,9.906,11.176,12.192,23.114
2019-05-04 00:00:00,7.874,6.35,15.748,2.032
2019-05-05 00:00:00,25.146,14.732,23.622,47.752
2019-05-06 00:00:00,0.762,0,0.508,11.684
2019-05-07 00:00:00,0,0,0,0
2019-05-08 00:00:00,0,0,0,0
2019-05-09 00:00:00,0,0,0,0
2019-05-10 00:00:00,0,0,0.254,0
2019-05-11 00:00:00,3.556,14.732,4.064,6.096
2019-05-12 00:00:00,30.734,12.7,24.638,29.972
2019-05-13 00:00:00,2.032,0.254,2.286,11.176
2019-05-14 00:00:00,0,0,0,0.508
2019-05-15 00:00:00,0,0,0,0
2019-05-16 00:00:00,0,0.254,0,0
2019-05-17 00:00:00,1.778,5.842,3.048,0
2019-05-18 00:00:00,0,0,0,0
2019-05-19 00:00:00,0,0,0,0
2019-05-20 00:00:00,0,0,0,0.508
2019-05-21 00:00:00,0,0,0,0
2019-05-22 00:00:00,0,0,0,0
2019-05-23 00:00:00,0,0,0,0
2019-05-24 00:00:00,0,0,0,0
2019-05-25 00:00:00,0,0,0,0
2019-05-26 00:00:00,0,11.684,0,2.54
2019-05-27 00:00:00,7.62,0,15.24,7.62
2019-05-28 00:00:00,0,0,0,0
2019-05-29 00:00:00,0,12.7,0,0
2019-05-30 00:00:00,11.176,8.89,8.382,12.192
2019-05-31 00:00:00,2.54,1.524,6.35,9.398
2019-06-01 00:00:00,7.62,0,0.762,16.51
2019-06-02 00:00:00,0,2.54,0,0
2019-06-03 00:00:00,3.556,0,1.27,1.524
2019-06-04 00:00:00,0,0,0,0
2019-06-05 00:00:00,0,18.542,5.08,2.54
2019-06-06 00:00:00,25.4,26.924,21.082,16.002
2019-06-07 00:00:00,20.32,16.256,32.512,3.556
2019-06-08 00:00:00,13.97,7.112,7.62,12.954
2019-06-09 00:00:00,24.384,1.778,7.874,8.128
2019-06-10 00:00:00,1.524,0.508,1.27,1.27
2019-06-11 00:00:00,0,0,1.016,7.62
2019-06-12 00:00:00,0,3.048,0,0
2019-06-13 00:00:00,9.906,1.778,8.89,9.398
2019-06-14 00:00:00,0,0,0,0
2019-06-15 00:00:00,0,0,0,0
2019-06-16 00:00:00,0,18.034,56.388,0
2019-06-17 00:00:00,20.828,39.878,20.828,1.27
2019-06-18 00:00:00,13.97,4.064,4.572,21.59
2019-06-19 00:00:00,24.892,14.224,20.066,41.656
2019-06-20 00:00:00,31.75,19.558,23.876,5.08
2019-06-21 00:00:00,11.43,2.54,9.906,4.572
2019-06-22 00:00:00,3.81,2.794,12.7,4.572
2019-06-23 00:00:00,6.35,2.286,9.398,8.89
2019-06-24 00:00:00,7.62,11.684,9.144,4.064
2019-06-25 00:00:00,7.62,0,7.62,4.064
2019-06-26 00:00:00,0,0,0,0
2019-06-27 00:00:00,0,0,0,0
2019-06-28 00:00:00,0,2.54,0,0
2019-06-29 00:00:00,0.762,0,4.318,0
2019-06-30 00:00:00,0,7.366,0,0
2019-07-01 00:00:00,17.78,0,2.794,17.78
2019-07-02 00:00:00,0,0,0,0
2019-07-03 00:00:00,3.81,19.304,0,9.652
2019-07-04 00:00:00,7.874,0,0,17.78
2019-07-05 00:00:00,1.524,0,43.942,1.016
2019-07-06 00:00:00,0,5.08,0.508,0
2019-07-07 00:00:00,0.254,60.706,1.016,23.114
2019-07-08 00:00:00,5.842,0,0.254,37.084
2019-07-09 00:00:00,0,0,0,0.508
2019-07-10 00:00:00,0,0,0,8.128
2019-07-11 00:00:00,0,15.748,0,0
2019-07-12 00:00:00,4.318,0,30.734,0
2019-07-13 00:00:00,0,0,0,0
2019-07-14 00:00:00,0,0,0,0
2019-07-15 00:00:00,0,6.604,0,0
2019-07-16 00:00:00,8.128,0,6.096,0.762
2019-07-17 00:00:00,1.778,19.304,4.572,0.254
2019-07-18 00:00:00,15.24,7.62,32.512,2.032
2019-07-19 00:00:00,0,0,0,8.382
2019-07-20 00:00:00,0,0,0,0
2019-07-21 00:00:00,0,0.508,0,0
2019-07-22 00:00:00,5.08,34.29,10.668,7.62
2019-07-23 00:00:00,17.018,3.302,19.558,36.068
2019-07-24 00:00:00,0.762,0,0,1.27
2019-07-25 00:00:00,0,0,0,0
2019-07-26 00:00:00,0,0,0,0
2019-07-27 00:00:00,0,0,0,0
2019-07-28 00:00:00,0,0,0,0
2019-07-29 00:00:00,0,0,0,0
2019-07-30 00:00:00,0,4.572,0,0
2019-07-31 00:00:00,21.59,0,8.382,30.988
2019-08-01 00:00:00,0,0,0,0
2019-08-02 00:00:00,0,0,0,0
2019-08-03 00:00:00,0,0,3.302,0
2019-08-04 00:00:00,0,0,0,0
2019-08-05 00:00:00,0,0,0,0
2019-08-06 00:00:00,0,0,0,0
2019-08-07 00:00:00,0,0.254,0,1.778
2019-08-08 00:00:00,0,0,0,0
2019-08-09 00:00:00,0,0,0,0
2019-08-10 00:00:00,0.254,0,1.016,0
2019-08-11 00:00:00,0,0,0,0
2019-08-12 00:00:00,0,0,0,0
2019-08-13 00:00:00,0,0,0,0
2019-08-14 00:00:00,0,0,0,10.922
2019-08-15 00:00:00,0,1.524,0,0
2019-08-16 00:00:00,0,0,0,0
2019-08-17 00:00:00,0,0,0,0
2019-08-18 00:00:00,0,0,0,0
2019-08-19 00:00:00,0,0,0,0
2019-08-20 00:00:00,0,0,0,0
2019-08-21 00:00:00,12.7,0,0,0
2019-08-22 00:00:00,0,0.254,0,0
2019-08-23 00:00:00,11.684,2.286,26.162,29.972
2019-08-24 00:00:00,0.508,0,1.27,1.27
2019-08-25 00:00:00,0,0,0,0
2019-08-26 00:00:00,1.27,16.256,9.144,0
2019-08-27 00:00:00,11.43,9.906,8.382,7.874
2019-08-28 00:00:00,4.318,1.27,12.7,7.874
2019-08-29 00:00:00,0,0,0,0
2019-08-30 00:00:00,0,0,0,0
2019-08-31 00:00:00,0,0,0,0
2019-09-01 00:00:00,0,0,0,0
2019-09-02 00:00:00,0,0,0,0
2019-09-03 00:00:00,0,0,0,0
2019-09-04 00:00:00,0,0,0,0
2019-09-05 00:00:00,0,0,0,0
2019-09-06 00:00:00,0,0,0,0
2019-09-07 00:00:00,0,0,0,0
2019-09-08 00:00:00,0,0,0,0
2019-09-09 00:00:00,0,0,0,0
2019-09-10 00:00:00,0,0,0,0
2019-09-11 00:00:00,0,0,0,0
2019-09-12 00:00:00,0,0,0,0
2019-09-13 00:00:00,0,0,0,0
2019-09-14 00:00:00,0,0,0,1.016
2019-09-15 00:00:00,0,0,0,0
2019-09-16 00:00:00,0,0,0,0
2019-09-17 00:00:00,1.778,0,0,0
2019-09-18 00:00:00,0,0,0,0
2019-09-19 00:00:00,0,0,0,0
2019-09-20 00:00:00,0,0,0,0
2019-09-21 00:00:00,0,0,0,0
2019-09-22 00:00:00,0,0,0,0
2019-09-23 00:00:00,0,0,0,0
2019-09-24 00:00:00,0,0,0.762,1.524
2019-09-25 00:00:00,0,0,0,0
2019-09-26 00:00:00,0,0,0,0
2019-09-27 00:00:00,0,0,0.508,3.048
2019-09-28 00:00:00,0,0,1.524,0
2019-09-29 00:00:00,1.016,0,0.254,0
2019-09-30 00:00:00,0,0,0,0
2019-10-01 00:00:00,0,0,0,0.508
2019-10-02 00:00:00,0,0,0,0
2019-10-03 00:00:00,0,0,0,0
2019-10-04 00:00:00,0,0,0,0
2019-10-05 00:00:00,0,0.508,0,0
2019-10-06 00:00:00,4.826,7.62,3.81,0
2019-10-07 00:00:00,22.606,40.894,24.13,0.508
2019-10-08 00:00:00,34.798,0,44.45,14.224
2019-10-09 00:00:00,0,0,0,0.762
2019-10-10 00:00:00,0,0,0,0
2019-10-11 00:00:00,0,0,0,0
2019-10-12 00:00:00,1.27,0.254,3.048,0.762
2019-10-13 00:00:00,0.508,0,0.508,0
2019-10-14 00:00:00,0,0,0,0
2019-10-15 00:00:00,0,0,0,0
2019-10-16 00:00:00,15.494,19.05,15.24,14.732
2019-10-17 00:00:00,3.048,0,1.524,12.954
2019-10-18 00:00:00,0,0,0,0
2019-10-19 00:00:00,0,1.27,0,0
2019-10-20 00:00:00,7.112,3.556,13.716,9.652
2019-10-21 00:00:00,0,1.524,0.254,2.286
2019-10-22 00:00:00,23.876,17.272,26.162,13.97
2019-10-23 00:00:00,0,0,0,0
2019-10-24 00:00:00,0,0,0,0
2019-10-25 00:00:00,0.254,2.794,0,0
2019-10-26 00:00:00,12.7,21.336,16.256,6.096
2019-10-27 00:00:00,8.382,3.302,6.858,15.24
2019-10-28 00:00:00,0.254,0,0,0
2019-10-29 00:00:00,0,0,0,0
2019-10-30 00:00:00,0,13.208,0,0
2019-10-31 00:00:00,10.16,20.066,12.446,4.064
2019-11-01 00:00:00,26.67,0,26.416,16.51
2019-11-02 00:00:00,0,0,0,0
2019-11-03 00:00:00,0,0,0,0
2019-11-04 00:00:00,0,0,0,0
2019-11-05 00:00:00,0,0,0,0
2019-11-06 00:00:00,0,0,0,0
2019-11-07 00:00:00,0,11.176,0,0
2019-11-08 00:00:00,10.922,0,12.7,14.732
2019-11-09 00:00:00,0,0,0,0
2019-11-10 00:00:00,0,0,0,0
2019-11-11 00:00:00,0.254,4.318,0,0
2019-11-12 00:00:00,7.366,3.302,10.16,11.684
2019-11-13 00:00:00,0,0,0.254,0
2019-11-14 00:00:00,0,0,0,0
2019-11-15 00:00:00,0,0,0,0
2019-11-16 00:00:00,0,0,0,0
2019-11-17 00:00:00,0,0,0,0
2019-11-18 00:00:00,0,0,0,0
2019-11-19 00:00:00,0,0,0.254,0
2019-11-20 00:00:00,1.27,0,3.302,0
2019-11-21 00:00:00,0,0,0,0
2019-11-22 00:00:00,10.16,18.796,7.112,1.524
2019-11-23 00:00:00,0,28.702,9.652,11.684
2019-11-24 00:00:00,15.24,1.016,16.764,7.62
2019-11-25 00:00:00,0,0,0,0
2019-11-26 00:00:00,0,0.254,0,0
2019-11-27 00:00:00,18.034,27.432,21.082,6.35
2019-11-28 00:00:00,7.62,0,0.508,0
2019-11-29 00:00:00,0,0,0,0
2019-11-30 00:00:00,15.494,52.324,17.272,9.144
2019-12-01 00:00:00,53.848,10.16,54.102,52.07
2019-12-02 00:00:00,2.794,4.318,2.032,4.318
2019-12-03 00:00:00,1.016,0,0.762,5.588
2019-12-04 00:00:00,0,0,0,0
2019-12-05 00:00:00,0,0,0,0
2019-12-06 00:00:00,0,1.778,0.254,0
2019-12-07 00:00:00,0.762,0,0.762,0.762
2019-12-08 00:00:00,0.254,0,0.254,0
2019-12-09 00:00:00,6.35,6.604,5.842,0.508
2019-12-10 00:00:00,9.652,17.018,10.668,5.08
2019-12-11 00:00:00,12.192,0,8.636,26.67
2019-12-12 00:00:00,0,0,0,0
2019-12-13 00:00:00,1.524,6.096,0.762,2.794
2019-12-14 00:00:00,10.16,6.858,11.684,16.764
2019-12-15 00:00:00,2.032,2.54,1.016,3.048
2019-12-16 00:00:00,10.414,46.482,12.192,7.62
2019-12-17 00:00:00,59.436,2.54,65.786,16.764
2019-12-18 00:00:00,1.524,0,2.032,2.54
2019-12-19 00:00:00,0,0,0,0
2019-12-20 00:00:00,0,0,0,0
2019-12-21 00:00:00,0,0,0,0
2019-12-22 00:00:00,0,0,0,0
2019-12-23 00:00:00,0,0,0,0
2019-12-24 00:00:00,0,0,0,0
2019-12-25 00:00:00,0,0,0,0
2019-12-26 00:00:00,0,0,0,0
2019-12-27 00:00:00,0.762,0,1.016,0
2019-12-28 00:00:00,0,0,0,0
2019-12-29 00:00:00,2.032,48.26,3.81,0.508
2019-12-30 00:00:00,57.658,7.366,69.342,12.446
2019-12-31 00:00:00,0,0,0,0
2020-01-01 00:00:00,0.254,0,0,0
2020-01-02 00:00:00,0,7.112,0,0
2020-01-03 00:00:00,16.764,12.192,19.558,12.7
2020-01-04 00:00:00,9.398,6.096,9.906,7.62
2020-01-05 00:00:00,1.524,0,1.524,5.588
2020-01-06 00:00:00,0,0,0,0
2020-01-07 00:00:00,2.54,5.588,6.35,4.572
2020-01-08 00:00:00,4.064,0,1.524,0
2020-01-09 00:00:00,0,0,0,0
2020-01-10 00:00:00,0,0,0,0
2020-01-11 00:00:00,0,27.686,0.254,0
2020-01-12 00:00:00,19.812,0,24.13,21.082
2020-01-13 00:00:00,0,0,0,0
2020-01-14 00:00:00,11.176,4.318,11.176,5.08
2020-01-15 00:00:00,3.556,0,8.636,1.016
2020-01-16 00:00:00,2.286,0,2.794,0.508
2020-01-17 00:00:00,0,0,0,0
2020-01-18 00:00:00,0,6.35,0,0
2020-01-19 00:00:00,8.382,0,11.176,3.048
2020-01-20 00:00:00,0,0,0.254,0
2020-01-21 00:00:00,0,0,0.254,0.508
2020-01-22 00:00:00,0,0,0,0
2020-01-23 00:00:00,0,0,0,0
2020-01-24 00:00:00,4.318,14.224,5.08,1.27
2020-01-25 00:00:00,11.43,0.508,12.192,15.24
2020-01-26 00:00:00,0.508,0,0.762,1.016
2020-01-27 00:00:00,1.524,1.27,2.54,2.032
2020-01-28 00:00:00,0,0,0.508,1.27
2020-01-29 00:00:00,0,0.254,0,0
2020-01-30 00:00:00,0.254,0,0,0
2020-01-31 00:00:00,0,0,0,0.762
2020-02-01 00:00:00,1.778,4.064,3.556,0
2020-02-02 00:00:00,1.778,0,1.016,3.556
2020-02-03 00:00:00,0,0,0,0
2020-02-04 00:00:00,6.35,32.512,10.16,5.842
2020-02-05 00:00:00,28.448,16.51,33.782,21.59
2020-02-06 00:00:00,33.02,11.43,40.386,64.008
2020-02-07 00:00:00,9.906,6.096,14.986,31.75
2020-02-08 00:00:00,2.54,0.762,0.762,1.27
2020-02-09 00:00:00,1.524,0,1.27,2.032
2020-02-10 00:00:00,2.54,29.464,2.54,4.572
2020-02-11 00:00:00,39.116,17.78,44.45,21.082
2020-02-12 00:00:00,5.08,18.034,5.08,8.128
2020-02-13 00:00:00,36.83,18.288,38.1,21.59
2020-02-14 00:00:00,1.778,0,2.032,4.064
2020-02-15 00:00:00,0,0,0,0
2020-02-16 00:00:00,0,0,0,0
2020-02-17 00:00:00,0,0,0,0
2020-02-18 00:00:00,0.254,9.398,2.032,0
2020-02-19 00:00:00,13.462,0,14.732,13.97
2020-02-20 00:00:00,0,0,0,0
2020-02-21 00:00:00,0,0,0,1.778
2020-02-22 00:00:00,0,0,0,0
2020-02-23 00:00:00,0,0,0,0
2020-02-24 00:00:00,1.016,3.556,1.778,0.762
2020-02-25 00:00:00,7.112,3.556,8.128,9.144
2020-02-26 00:00:00,0,7.366,0.254,0
2020-02-27 00:00:00,6.096,0,7.874,6.604
2020-02-28 00:00:00,0,1.778,0,0
2020-02-29 00:00:00,2.286,0.254,2.54,5.08
2020-03-01 00:00:00,0,0,0.254,0
2020-03-02 00:00:00,0.508,5.334,0.508,0
2020-03-03 00:00:00,25.908,25.908,25.146,10.414
2020-03-04 00:00:00,1.524,0,1.524,1.778
2020-03-05 00:00:00,0,0,0,0
2020-03-06 00:00:00,0,0,0,0
2020-03-07 00:00:00,1.27,0,0,4.572
2020-03-08 00:00:00,0,0,0,0
2020-03-09 00:00:00,0,0,0,0
2020-03-10 00:00:00,1.27,4.064,0.762,0
2020-03-11 00:00:00,5.588,0,6.858,4.064
2020-03-12 00:00:00,0,37.846,0,0
2020-03-13 00:00:00,28.956,22.606,38.608,38.354
2020-03-14 00:00:00,0,19.812,0,0
2020-03-15 00:00:00,22.352,0.508,28.702,24.892
2020-03-16 00:00:00,0.508,2.032,0.508,0
2020-03-17 00:00:00,2.794,4.572,4.318,3.302
2020-03-18 00:00:00,0,12.954,1.27,4.064
2020-03-19 00:00:00,9.652,7.62,10.668,11.176
2020-03-20 00:00:00,16.002,45.212,28.448,5.842
2020-03-21 00:00:00,24.13,0.762,13.97,36.83
2020-03-22 00:00:00,0,1.524,0.254,1.27
2020-03-23 00:00:00,3.048,2.54,9.652,2.032
2020-03-24 00:00:00,3.048,13.716,2.54,9.906
2020-03-25 00:00:00,20.828,1.016,22.098,22.86
2020-03-26 00:00:00,0.508,0,0.508,0.762
2020-03-27 00:00:00,0,0,0,0
2020-03-28 00:00:00,0,0,0,0
2020-03-29 00:00:00,9.906,13.208,13.97,5.08
2020-03-30 00:00:00,0,0,0,2.032
2020-03-31 00:00:00,0,18.034,3.302,0
2020-04-01 00:00:00,21.59,0,20.828,24.892
2020-04-02 00:00:00,0,0,0.508,1.27
2020-04-03 00:00:00,0,0,0,0
2020-04-04 00:00:00,0,0,0,0
2020-04-05 00:00:00,0,0,0,0
2020-04-06 00:00:00,0,0,0,0
2020-04-07 00:00:00,0,0,0,0
2020-04-08 00:00:00,0,1.016,0,0
2020-04-09 00:00:00,26.924,10.668,12.192,15.24
2020-04-10 00:00:00,0,0.508,0,0.762
2020-04-11 00:00:00,0,0,0,0
2020-04-12 00:00:00,0,19.812,0,0
2020-04-13 00:00:00,35.56,14.224,34.544,52.832
2020-04-14 00:00:00,0,0.762,1.778,0
2020-04-15 00:00:00,0,0,1.016,4.064
2020-04-16 00:00:00,0,0,0,0
2020-04-17 00:00:00,0,0.508,0,0
2020-04-18 00:00:00,8.128,6.858,8.89,12.192
2020-04-19 00:00:00,0,1.27,0,0.762
2020-04-20 00:00:00,2.54,0,2.54,8.382
2020-04-21 00:00:00,0,0.254,0,0
2020-04-22 00:00:00,0,0,0,0
2020-04-23 00:00:00,0.762,13.97,2.794,0.762
2020-04-24 00:00:00,9.906,2.54,7.874,21.336
2020-04-25 00:00:00,0.762,15.494,0.508,4.318
2020-04-26 00:00:00,13.462,11.684,14.732,22.606
2020-04-27 00:00:00,6.858,0,11.684,9.398
2020-04-28 00:00:00,0,0,0.254,0
2020-04-29 00:00:00,0.762,18.288,0,0
2020-04-30 00:00:00,21.336,1.27,28.194,22.606
2020-05-01 00:00:00,2.032,0.254,3.048,6.604
2020-05-02 00:00:00,0.508,0,0,0.762
2020-05-03 00:00:00,0.762,24.892,0,0
2020-05-04 00:00:00,35.56,0,19.812,8.382
2020-05-05 00:00:00,5.588,12.446,10.16,20.32
2020-05-06 00:00:00,10.922,0.254,7.874,23.368
2020-05-07 00:00:00,1.016,0,0.762,5.08
2020-05-08 00:00:00,0.254,16.256,0,0
2020-05-09 00:00:00,15.24,0,17.78,17.018
2020-05-10 00:00:00,0,0.254,0,0
2020-05-11 00:00:00,3.302,0,3.556,2.032
2020-05-12 00:00:00,0,0,0,0
2020-05-13 00:00:00,0,2.032,0.508,0
2020-05-14 00:00:00,3.556,4.318,2.794,2.032
2020-05-15 00:00:00,0.254,0,1.016,0
2020-05-16 00:00:00,0,0,0,0
2020-05-17 00:00:00,0,0,0,0
2020-05-18 00:00:00,0,10.16,0,0
2020-05-19 00:00:00,20.32,29.972,16.002,2.794
2020-05-20 00:00:00,44.704,0.254,53.086,10.668
2020-05-21 00:00:00,1.27,5.842,2.032,8.89
2020-05-22 00:00:00,4.318,0,6.858,5.08
2020-05-23 00:00:00,0.762,13.716,2.286,7.62
2020-05-24 00:00:00,1.016,1.524,18.542,1.27
2020-05-25 00:00:00,4.826,0,1.27,2.54
2020-05-26 00:00:00,0,0,0,1.524
2020-05-27 00:00:00,0.508,0,1.27,0
2020-05-28 00:00:00,0,4.318,0,0
2020-05-29 00:00:00,2.286,0,10.922,3.302
2020-05-30 00:00:00,1.778,0,2.032,0
2020-05-31 00:00:00,0,0,0,0
2020-06-01 00:00:00,0,0,0,0
2020-06-02 00:00:00,0,0,0,0
2020-06-03 00:00:00,0,0,0,0
2020-06-04 00:00:00,0,17.78,0,0
2020-06-05 00:00:00,16.256,31.242,41.402,6.35
2020-06-06 00:00:00,9.144,0,1.524,4.572
2020-06-07 00:00:00,0,0,0,0
2020-06-08 00:00:00,0,0,0,0
2020-06-09 00:00:00,0,0,0,0
2020-06-10 00:00:00,0,18.542,0,0
2020-06-11 00:00:00,3.302,0,0,12.7
2020-06-12 00:00:00,0,0,0,0
2020-06-13 00:00:00,0,0,0,0
2020-06-14 00:00:00,0.508,3.048,0,0
2020-06-15 00:00:00,0.762,0,0,2.54
2020-06-16 00:00:00,0,0,0,1.778
2020-06-17 00:00:00,0,0.254,0,0
2020-06-18 00:00:00,0.508,5.842,0,2.794
2020-06-19 00:00:00,1.778,0,0,2.032
2020-06-20 00:00:00,6.604,0,0,11.43
2020-06-21 00:00:00,0,6.604,0,11.43
2020-06-22 00:00:00,1.778,0.254,0,2.794
2020-06-23 00:00:00,0,18.796,0.508,0
2020-06-24 00:00:00,8.636,0,10.16,2.032
2020-06-25 00:00:00,8.382,1.27,16.764,18.542
2020-06-26 00:00:00,0,0,0,0
2020-06-27 00:00:00,0,2.794,0,0
2020-06-28 00:00:00,1.016,30.226,4.318,1.778
2020-06-29 00:00:00,16.764,0,7.874,4.826
2020-06-30 00:00:00,0,0,0.762,0
2020-07-01 00:00:00,0,1.778,0,6.35
2020-07-02 00:00:00,45.974,0,8.382,7.874
2020-07-03 00:00:00,0,0,0,0
2020-07-04 00:00:00,0,0,0,0
2020-07-05 00:00:00,0,0,0,0
2020-07-06 00:00:00,0,1.27,0,0
2020-07-07 00:00:00,0,0,5.08,0
2020-07-08 00:00:00,0,0,0,5.842
2020-07-09 00:00:00,0,0,0,0
2020-07-10 00:00:00,1.27,20.574,4.318,0
2020-07-11 00:00:00,0,0,0,5.588
2020-07-12 00:00:00,0.508,15.748,0,0
2020-07-13 00:00:00,38.1,0,19.05,23.876
2020-07-14 00:00:00,0,0,0,0
2020-07-15 00:00:00,0,0,0,0
2020-07-16 00:00:00,0,2.286,0,0
2020-07-17 00:00:00,0.254,8.636,5.842,0
2020-07-18 00:00:00,1.524,0,3.81,1.524
2020-07-19 00:00:00,0,0.254,0.254,0
2020-07-20 00:00:00,0,0,0,3.302
2020-07-21 00:00:00,2.032,0,3.302,24.638
2020-07-22 00:00:00,22.098,10.16,0,24.384
2020-07-23 00:00:00,1.27,8.382,0,0.508
2020-07-24 00:00:00,14.732,0,0,12.7
2020-07-25 00:00:00,0,0,0,17.526
2020-07-26 00:00:00,0,0,0,0
2020-07-27 00:00:00,0,9.144,0,2.032
2020-07-28 00:00:00,7.874,16.256,1.27,4.826
2020-07-29 00:00:00,0,0,0,11.938
2020-07-30 00:00:00,0,37.846,0,0
2020-07-31 00:00:00,24.384,6.096,81.026,31.75
2020-08-01 00:00:00,6.096,0,6.35,12.446
2020-08-02 00:00:00,0.762,0.254,1.016,0.508
2020-08-03 00:00:00,0,0,0,0
2020-08-04 00:00:00,0,0,0,0
2020-08-05 00:00:00,0,0,0,5.588
2020-08-06 00:00:00,0,3.048,0,0
2020-08-07 00:00:00,0.508,0,0,13.716
2020-08-08 00:00:00,0,0,0,0
2020-08-09 00:00:00,0,0,0,0
2020-08-10 00:00:00,0,13.208,0,0
2020-08-11 00:00:00,7.112,42.418,16.764,0
2020-08-12 00:00:00,0,0,0,0
2020-08-13 00:00:00,0,0,0,55.372
2020-08-14 00:00:00,0,24.384,0,1.27
2020-08-15 00:00:00,16.256,0,7.62,4.826
2020-08-16 00:00:00,12.7,0.508,3.81,11.43
2020-08-17 00:00:00,27.94,0,6.604,1.016
2020-08-18 00:00:00,0,11.938,0,0
2020-08-19 00:00:00,18.542,0,10.668,15.748
2020-08-20 00:00:00,0,0,0,0
2020-08-21 00:00:00,0.762,5.334,0,6.604
2020-08-22 00:00:00,26.162,14.224,0.762,8.89
2020-08-23 00:00:00,1.27,0,0,0
2020-08-24 00:00:00,1.016,0,4.064,0
2020-08-25 00:00:00,16.51,0,1.524,7.874
2020-08-26 00:00:00,0,0,0,0
2020-08-27 00:00:00,0,0,0,0
2020-08-28 00:00:00,0,4.826,0,0
2020-08-29 00:00:00,11.43,27.432,16.51,5.588
2020-08-30 00:00:00,5.842,0,5.588,10.922
2020-08-31 00:00:00,2.286,10.16,2.54,3.81
2020-09-01 00:00:00,2.286,0.762,1.016,1.524
2020-09-02 00:00:00,0,21.082,0,0
2020-09-03 00:00:00,18.034,14.986,38.354,3.302
2020-09-04 00:00:00,12.954,2.032,6.35,7.366
2020-09-05 00:00:00,0,0,0.508,0.762
2020-09-06 00:00:00,0,0,0,0
2020-09-07 00:00:00,0,0,0,0
2020-09-08 00:00:00,0,0,0,0
2020-09-09 00:00:00,0,0,0,0
2020-09-10 00:00:00,0,0,0,1.016
2020-09-11 00:00:00,0,0,0,0
2020-09-12 00:00:00,0,4.826,0,0
2020-09-13 00:00:00,18.796,28.702,11.684,0
2020-09-14 00:00:00,37.592,0,30.988,6.858
2020-09-15 00:00:00,0,0,0,0
2020-09-16 00:00:00,0,0,0,0
2020-09-17 00:00:00,0.254,0,0.508,0
2020-09-18 00:00:00,0,0,0,5.08
2020-09-19 00:00:00,0,0,0,0
2020-09-20 00:00:00,0,0,0,0
2020-09-21 00:00:00,0,0,0,0
2020-09-22 00:00:00,0,0,0,0
2020-09-23 00:00:00,0,0,0,0
2020-09-24 00:00:00,0.762,0,1.016,0.508
2020-09-25 00:00:00,0,0,0.254,1.524
2020-09-26 00:00:00,1.016,0,1.524,10.922
2020-09-27 00:00:00,0,0,0,0
2020-09-28 00:00:00,0.762,23.114,0,1.524
2020-09-29 00:00:00,18.542,0.508,24.13,15.24
2020-09-30 00:00:00,1.016,0,2.54,8.128
2020-10-01 00:00:00,0,0,0,0
2020-10-02 00:00:00,0,0,0,0
2020-10-03 00:00:00,0,0,0,0
2020-10-04 00:00:00,0,0,0,0
2020-10-05 00:00:00,0,0,0,0.762
2020-10-06 00:00:00,0,0,0,0
2020-10-07 00:00:00,0,0,0,0
2020-10-08 00:00:00,0,0,0,0
2020-10-09 00:00:00,0,0,0,0
2020-10-10 00:00:00,5.588,12.7,6.604,1.27
2020-10-11 00:00:00,17.526,22.606,15.24,22.86
2020-10-12 00:00:00,4.826,2.286,3.81,5.588
2020-10-13 00:00:00,4.572,0,1.778,10.16
2020-10-14 00:00:00,0,0,0,0
2020-10-15 00:00:00,0,1.524,0,0
2020-10-16 00:00:00,5.588,3.048,5.588,6.096
2020-10-17 00:00:00,0,0,0,0
2020-10-18 00:00:00,0,0,0,0
2020-10-19 00:00:00,1.016,0.254,0,0
2020-10-20 00:00:00,0,0,0,0
2020-10-21 00:00:00,0,0,0,0
2020-10-22 00:00:00,0,0,0,0
2020-10-23 00:00:00,0,2.54,0,0
2020-10-24 00:00:00,5.588,1.016,5.588,7.112
2020-10-25 00:00:00,0.508,0.762,0.508,3.302
2020-10-26 00:00:00,0,0,0,0
2020-10-27 00:00:00,0.254,0,0.254,1.27
2020-10-28 00:00:00,0,15.24,0,0
2020-10-29 00:00:00,25.908,19.05,28.194,22.098
2020-10-30 00:00:00,8.89,0,9.398,26.416
2020-10-31 00:00:00,0,0,0.254,0.508
2020-11-01 00:00:00,0,0,0,0
2020-11-02 00:00:00,0,0,0,0
2020-11-03 00:00:00,0,0,0,0
2020-11-04 00:00:00,0,0,0,0
2020-11-05 00:00:00,0,0,0,0
2020-11-06 00:00:00,0,0,0,0
2020-11-07 00:00:00,0,0,0,0
2020-11-08 00:00:00,0,0,0,0
2020-11-09 00:00:00,0,0,0,0
2020-11-10 00:00:00,0,0,0,0
2020-11-11 00:00:00,1.27,38.354,2.032,0.508
2020-11-12 00:00:00,50.8,0,58.674,15.748
2020-11-13 00:00:00,0,0,0,0
2020-11-14 00:00:00,0,0,0,0
2020-11-15 00:00:00,0,3.556,0,0
2020-11-16 00:00:00,4.572,0,5.842,1.524
2020-11-17 00:00:00,0,0,0,0
2020-11-18 00:00:00,0,0,0,0
2020-11-19 00:00:00,0,0,0,0
2020-11-20 00:00:00,0,0,0,0
2020-11-21 00:00:00,0,0,0,0
2020-11-22 00:00:00,0,11.938,0,0
2020-11-23 00:00:00,8.89,0,10.16,12.954
2020-11-24 00:00:00,0,0,0,0
2020-11-25 00:00:00,0,0.762,0,0
2020-11-26 00:00:00,0.762,0.508,1.016,0
2020-11-27 00:00:00,0,0,0,0
2020-11-28 00:00:00,0,0,0,0
2020-11-29 00:00:00,0,1.778,0,0
2020-11-30 00:00:00,13.462,17.78,18.034,4.064
2020-12-01 00:00:00,7.874,0.762,11.43,10.16
2020-12-02 00:00:00,0,0,0,0
2020-12-03 00:00:00,0,0,0,0
2020-12-04 00:00:00,13.716,18.542,16.256,2.54
2020-12-05 00:00:00,11.43,0,10.922,13.208
2020-12-06 00:00:00,0,0,0.254,0
2020-12-07 00:00:00,0.762,1.27,0.508,3.048
2020-12-08 00:00:00,0,0,0,1.27
2020-12-09 00:00:00,0,0,0,0
2020-12-10 00:00:00,0,0,0,0
2020-12-11 00:00:00,0,0,0,0
2020-12-12 00:00:00,0,4.572,0,0
2020-12-13 00:00:00,3.048,0.508,0,2.286
2020-12-14 00:00:00,25.4,29.718,32.004,19.304
2020-12-15 00:00:00,2.54,0,2.54,5.08
2020-12-16 00:00:00,0.508,9.144,0.508,0.762
2020-12-17 00:00:00,8.89,0.762,9.144,15.748
2020-12-18 00:00:00,0.254,0,0.508,1.27
2020-12-19 00:00:00,0,0,0,0
2020-12-20 00:00:00,1.778,2.794,2.032,0
2020-12-21 00:00:00,0.508,0,0.508,1.27
2020-12-22 00:00:00,0,0,0,0
2020-12-23 00:00:00,0,0,0,0
2020-12-24 00:00:00,8.382,37.592,10.668,1.27
2020-12-25 00:00:00,0,1.778,26.67,31.75
2020-12-26 00:00:00,0,0,0.254,0.762
2020-12-27 00:00:00,0,0,0,0
2020-12-28 00:00:00,0,0,0,0
2020-12-29 00:00:00,0,0,0,0
2020-12-30 00:00:00,0,0.254,0.254,0
2020-12-31 00:00:00,10.16,17.018,11.176,1.016
2021-01-01 00:00:00,13.208,2.794,0,5.588
2021-01-02 00:00:00,1.016,0.254,0,1.016
2021-01-03 00:00:00,1.778,2.032,1.778,1.016
2021-01-04 00:00:00,0.508,0,0.508,1.016
2021-01-05 00:00:00,0.508,1.27,0.254,0.762
2021-01-06 00:00:00,1.27,0,0.254,4.572
2021-01-07 00:00:00,0,0,0,0
2021-01-08 00:00:00,0,0.254,0.254,0.508
2021-01-09 00:00:00,1.524,0,0,2.286
2021-01-10 00:00:00,0,0,0,0
2021-01-11 00:00:00,0,0,0,0
2021-01-12 00:00:00,0,0,0,2.286
2021-01-13 00:00:00,0,0,0,0
2021-01-14 00:00:00,0,0,0,0
2021-01-15 00:00:00,2.032,4.826,2.54,0
2021-01-16 00:00:00,3.048,5.08,2.032,7.62
2021-01-17 00:00:00,2.286,0.762,1.27,2.54
2021-01-18 00:00:00,0.254,0.254,1.524,2.54
2021-01-19 00:00:00,0.254,0,0,0
2021-01-20 00:00:00,0,0,0,0
2021-01-21 00:00:00,2.794,1.524,3.302,2.54
2021-01-22 00:00:00,0,0,0,1.524
2021-01-23 00:00:00,0,0,0,0
2021-01-24 00:00:00,0,0.254,0,0
2021-01-25 00:00:00,0.762,55.626,1.778,1.778
2021-01-26 00:00:00,54.864,0.508,59.69,29.21
2021-01-27 00:00:00,0,4.572,0,0
2021-01-28 00:00:00,1.016,0.508,2.794,3.81
2021-01-29 00:00:00,0,0,0,0
2021-01-30 00:00:00,0,5.08,0,0
2021-01-31 00:00:00,12.192,4.572,12.7,11.176
2021-02-01 00:00:00,1.016,4.572,0.762,2.54
2021-02-02 00:00:00,1.778,2.032,4.572,5.08
2021-02-03 00:00:00,0,0,0,1.27
2021-02-04 00:00:00,0,1.27,0,0
2021-02-05 00:00:00,3.556,1.016,4.064,3.048
2021-02-06 00:00:00,0,0,0,0
2021-02-07 00:00:00,1.778,2.286,2.032,11.43
2021-02-08 00:00:00,1.27,0,0,0
2021-02-09 00:00:00,0,0.254,0,0
2021-02-10 00:00:00,0.508,7.874,0.254,1.778
2021-02-11 00:00:00,13.208,15.24,12.7,2.54
2021-02-12 00:00:00,3.302,0,5.588,20.574
2021-02-13 00:00:00,1.016,0,0.508,0.762
2021-02-14 00:00:00,1.27,0,0,2.54
2021-02-15 00:00:00,0,25.146,1.524,0.508
2021-02-16 00:00:00,17.78,1.27,24.13,8.89
2021-02-17 00:00:00,0.254,0.254,0.254,0.508
2021-02-18 00:00:00,6.35,7.112,7.62,18.796
2021-02-19 00:00:00,1.27,0,1.524,2.794
2021-02-20 00:00:00,0,0,0.254,0
2021-02-21 00:00:00,0,0,0,0
2021-02-22 00:00:00,6.604,8.89,8.636,3.048
2021-02-23 00:00:00,4.064,0,0,8.382
2021-02-24 00:00:00,0,0,0,0
2021-02-25 00:00:00,0.508,0.254,2.794,1.016
2021-02-26 00:00:00,0,5.08,0,0
2021-02-27 00:00:00,44.704,28.956,51.816,24.13
2021-02-28 00:00:00,24.892,93.98,28.702,26.67
2021-03-01 00:00:00,94.742,19.304,101.6,50.8
2021-03-02 00:00:00,0,0,0,2.54
2021-03-03 00:00:00,0,0,0,0
2021-03-04 00:00:00,0,0,0,0
2021-03-05 00:00:00,0,0,0,0
2021-03-06 00:00:00,0,0,0,0
2021-03-07 00:00:00,0,0,0,0
2021-03-08 00:00:00,0,0,0,0
2021-03-09 00:00:00,0,0,0,0
2021-03-10 00:00:00,0,0,0,0
2021-03-11 00:00:00,0,2.032,0,0
2021-03-12 00:00:00,9.144,8.89,8.128,0.762
2021-03-13 00:00:00,3.81,0,2.286,5.08
2021-03-14 00:00:00,0,0,0,0
2021-03-15 00:00:00,2.54,3.302,2.032,2.032
2021-03-16 00:00:00,2.54,0,2.286,1.524
2021-03-17 00:00:00,0.254,2.032,0,0
2021-03-18 00:00:00,13.208,33.274,16.002,11.938
2021-03-19 00:00:00,28.194,1.016,19.05,14.224
2021-03-20 00:00:00,0,0,0.254,0
2021-03-21 00:00:00,0,0,0,0
2021-03-22 00:00:00,0,0,0,0
2021-03-23 00:00:00,0,0,0,0
2021-03-24 00:00:00,0,0,0,0
2021-03-25 00:00:00,0,6.858,0,0
2021-03-26 00:00:00,13.208,2.286,16.002,19.812
2021-03-27 00:00:00,0,5.842,0,0
2021-03-28 00:00:00,44.45,38.354,48.768,55.88
2021-03-29 00:00:00,6.858,0,8.128,12.954
2021-03-30 00:00:00,0,0,0,0
2021-03-31 00:00:00,9.906,14.986,12.954,5.08
2021-04-01 00:00:00,6.35,0.254,6.35,11.176
2021-04-02 00:00:00,0,0,0,0
2021-04-03 00:00:00,0,0,0,0
2021-04-04 00:00:00,0,0,0,0
2021-04-05 00:00:00,0,0,0,0
2021-04-06 00:00:00,0,0,0,0
2021-04-07 00:00:00,0,0,0,0
2021-04-08 00:00:00,0,20.066,0,0
2021-04-09 00:00:00,7.62,0,13.716,1.524
2021-04-10 00:00:00,0,5.334,0,0
2021-04-11 00:00:00,7.366,1.016,6.604,9.144
2021-04-12 00:00:00,0.508,0,0,0
2021-04-13 00:00:00,0,0,0,0
2021-04-14 00:00:00,0,6.096,0.254,0
2021-04-15 00:00:00,2.54,0,1.27,4.318
2021-04-16 00:00:00,0,0,0,0
2021-04-17 00:00:00,0,0,0,0
2021-04-18 00:00:00,0,0,0.508,0
2021-04-19 00:00:00,0.508,0,0.508,0
2021-04-20 00:00:00,0,0,0.254,0
2021-04-21 00:00:00,2.032,1.27,2.032,0.762
2021-04-22 00:00:00,0.762,0,0,1.27
2021-04-23 00:00:00,0,0,0,0
2021-04-24 00:00:00,0,10.668,0,0
2021-04-25 00:00:00,12.7,0,12.192,8.382
2021-04-26 00:00:00,0,0,0,0
2021-04-27 00:00:00,0,0,0,0
2021-04-28 00:00:00,0,28.956,0,0
2021-04-29 00:00:00,13.208,12.446,12.7,1.016
2021-04-30 00:00:00,8.382,0,11.43,11.176
2021-05-01 00:00:00,0,0,0,0
2021-05-02 00:00:00,0,0.254,0,0
2021-05-03 00:00:00,0.762,2.794,1.27,0.762
2021-05-04 00:00:00,6.604,12.192,5.08,2.794
2021-05-05 00:00:00,17.018,1.016,15.24,17.272
2021-05-06 00:00:00,1.016,0,0.254,3.048
2021-05-07 00:00:00,2.286,2.54,0,3.81
2021-05-08 00:00:00,1.524,0,0,5.588
2021-05-09 00:00:00,0,8.382,0.508,0
2021-05-10 00:00:00,13.462,0.508,19.05,19.812
2021-05-11 00:00:00,0.762,0,0.254,0.762
2021-05-12 00:00:00,0,0,0,0
2021-05-13 00:00:00,0,0,0,0
2021-05-14 00:00:00,0,0,0,0
2021-05-15 00:00:00,0,0,0,0
2021-05-16 00:00:00,0,0,0.254,0
2021-05-17 00:00:00,0.508,0.254,0,1.016
2021-05-18 00:00:00,2.032,9.144,1.27,0.508
2021-05-19 00:00:00,0,0,0,0.762
2021-05-20 00:00:00,0.508,0,0,0
2021-05-21 00:00:00,0,0,0,0
2021-05-22 00:00:00,0,0,0,0
2021-05-23 00:00:00,0,0,0,0
2021-05-24 00:00:00,0,0,0,0
2021-05-25 00:00:00,0,0,0,0
2021-05-26 00:00:00,0,0,0,0
2021-05-27 00:00:00,0,0,0,0
2021-05-28 00:00:00,0,15.494,0,2.794
2021-05-29 00:00:00,0,3.556,14.478,21.082
2021-05-30 00:00:00,1.27,0.762,1.778,1.016
2021-05-31 00:00:00,0,0,0,0.762
2021-06-01 00:00:00,0,0,0,0
2021-06-02 00:00:00,0.508,3.302,1.016,0
2021-06-03 00:00:00,5.588,12.954,7.62,0.762
2021-06-04 00:00:00,15.24,0,13.462,11.938
2021-06-05 00:00:00,0,0,0,0
2021-06-06 00:00:00,0,0.254,0.254,0
2021-06-07 00:00:00,1.27,2.286,24.638,0.762
2021-06-08 00:00:00,4.064,0.254,11.684,8.128
2021-06-09 00:00:00,2.032,17.78,4.826,0
2021-06-10 00:00:00,40.64,3.048,49.022,0
2021-06-11 00:00:00,7.112,2.032,6.35,29.718
2021-06-12 00:00:00,10.414,0,76.962,6.604
2021-06-13 00:00:00,0,0,0,0.762
2021-06-14 00:00:00,5.08,0,5.334,0
2021-06-15 00:00:00,0,0,0.254,0
2021-06-16 00:00:00,0,0,0,0
2021-06-17 00:00:00,0,0,0,0
2021-06-18 00:00:00,0,3.556,0,0
2021-06-19 00:00:00,1.016,0,0,0
2021-06-20 00:00:00,0,0,0,0
2021-06-21 00:00:00,0,45.212,0,0
2021-06-22 00:00:00,23.368,6.858,32.258,19.558
2021-06-23 00:00:00,0,0,0,5.08
2021-06-24 00:00:00,0,0,0,0
2021-06-25 00:00:00,0,0,0,0
2021-06-26 00:00:00,0,0,0,0
2021-06-27 00:00:00,0,0,0,0
2021-06-28 00:00:00,0,0,0,12.192
2021-06-29 00:00:00,2.794,0,0,1.016
2021-06-30 00:00:00,0,0,0,0
2021-07-01 00:00:00,0,14.732,0,0
2021-07-02 00:00:00,44.45,0,42.672,48.26
2021-07-03 00:00:00,0,0,0,0
2021-07-04 00:00:00,0,0,0,0
2021-07-05 00:00:00,0,0,0,0
2021-07-06 00:00:00,0,0,0,0
2021-07-07 00:00:00,0,13.208,0,0
2021-07-08 00:00:00,1.27,5.08,0.508,3.302
2021-07-09 00:00:00,23.622,5.588,7.62,4.318
2021-07-10 00:00:00,0,25.908,0,1.778
2021-07-11 00:00:00,18.796,28.702,52.578,1.778
2021-07-12 00:00:00,11.938,0,14.224,0.508
2021-07-13 00:00:00,0,8.636,0.254,6.858
2021-07-14 00:00:00,1.016,3.302,1.778,0
2021-07-15 00:00:00,0,2.032,0,0
2021-07-16 00:00:00,0,0.762,0,8.382
2021-07-17 00:00:00,1.524,1.778,0,0
2021-07-18 00:00:00,0,0,5.08,8.128
2021-07-19 00:00:00,1.524,0,11.176,14.224
2021-07-20 00:00:00,0,0,0,0
2021-07-21 00:00:00,0,0,0,0
2021-07-22 00:00:00,0,0,0,0
2021-07-23 00:00:00,0,0,0,0
2021-07-24 00:00:00,0,0,0,0
2021-07-25 00:00:00,0,16.51,0,0
2021-07-26 00:00:00,2.286,4.318,19.05,37.084
2021-07-27 00:00:00,0,0,0.254,32.512
2021-07-28 00:00:00,0,0,0,0
2021-07-29 00:00:00,0,52.578,0,0
2021-07-30 00:00:00,42.418,7.62,49.53,2.286
2021-07-31 00:00:00,0,0.254,0,0
2021-08-01 00:00:00,2.032,0,9.398,0
2021-08-02 00:00:00,0,0,0,6.35
2021-08-03 00:00:00,0,0,0,0
2021-08-04 00:00:00,0,0,0,19.558
2021-08-05 00:00:00,0,0,2.032,5.334
2021-08-06 00:00:00,0,0,0,0
2021-08-07 00:00:00,0,0,1.016,0
2021-08-08 00:00:00,1.016,0,8.636,7.112
2021-08-09 00:00:00,0,27.94,0,0
2021-08-10 00:00:00,9.906,0.508,14.986,2.54
2021-08-11 00:00:00,0.254,0,8.89,1.27
2021-08-12 00:00:00,0,0,0.508,2.54
2021-08-13 00:00:00,0,0,0,0
2021-08-14 00:00:00,0,11.176,0,0
2021-08-15 00:00:00,6.096,23.876,8.382,49.022
2021-08-16 00:00:00,40.132,51.308,39.37,41.91
2021-08-17 00:00:00,3.81,41.91,2.794,14.224
2021-08-18 00:00:00,114.3,12.446,24.638,45.72
2021-08-19 00:00:00,2.032,36.068,2.032,3.048
2021-08-20 00:00:00,1.778,0,1.27,7.112
2021-08-21 00:00:00,0,0,0,0
2021-08-22 00:00:00,0,0,0,0
2021-08-23 00:00:00,0,0,0,0
2021-08-24 00:00:00,0,0,0,0
2021-08-25 00:00:00,0,0,0,0
2021-08-26 00:00:00,0,0,0,0
2021-08-27 00:00:00,0,0,0,0
2021-08-28 00:00:00,0,0,0,0
2021-08-29 00:00:00,0,0.508,0,0
2021-08-30 00:00:00,0,3.556,0,0
2021-08-31 00:00:00,12.7,13.716,33.274,24.384
2021-09-01 00:00:00,17.272,5.334,17.526,30.48
2021-09-02 00:00:00,0.762,0,0.508,7.112
2021-09-03 00:00:00,0,0,0,0
2021-09-04 00:00:00,0,0,0,0
2021-09-05 00:00:00,0,2.032,0,0
2021-09-06 00:00:00,2.794,0,2.286,5.08
2021-09-07 00:00:00,0,0,0,0
2021-09-08 00:00:00,0,3.556,0,0
2021-09-09 00:00:00,1.27,0,1.524,10.922
2021-09-10 00:00:00,0,0,0,0
2021-09-11 00:00:00,0,0,0,0
2021-09-12 00:00:00,0,0,0,0
2021-09-13 00:00:00,0,0,0,0
2021-09-14 00:00:00,0,0,0,0
2021-09-15 00:00:00,0,19.558,0,0
2021-09-16 00:00:00,11.938,0,19.812,0
2021-09-17 00:00:00,0,0,0,0
2021-09-18 00:00:00,0,0,0,0
2021-09-19 00:00:00,0,3.302,0,0
2021-09-20 00:00:00,4.572,0.508,12.954,13.716
2021-09-21 00:00:00,2.286,3.302,3.048,1.524
2021-09-22 00:00:00,7.112,22.606,1.27,0
2021-09-23 00:00:00,18.034,0.254,22.606,29.21
2021-09-24 00:00:00,0,0,0,0
2021-09-25 00:00:00,0,0.254,0,0
2021-09-26 00:00:00,0,0,0.254,0
2021-09-27 00:00:00,0,0,0,0
2021-09-28 00:00:00,0,0,0,0
2021-09-29 00:00:00,0,0,0,0
2021-09-30 00:00:00,0,0,0,0
2021-10-01 00:00:00,0,0,0,0
2021-10-02 00:00:00,0,0,0,0
2021-10-03 00:00:00,3.048,22.352,8.636,0
2021-10-04 00:00:00,22.098,0,16.256,13.97
2021-10-05 00:00:00,0,0,0,0
2021-10-06 00:00:00,1.27,1.778,1.27,0
2021-10-07 00:00:00,5.588,0.762,7.112,2.032
2021-10-08 00:00:00,4.572,3.556,2.794,1.27
2021-10-09 00:00:00,0.762,0,0,9.906
2021-10-10 00:00:00,0,0,0,0
2021-10-11 00:00:00,0,0,0,0
2021-10-12 00:00:00,0,0,0,0
2021-10-13 00:00:00,0,0,0,0
2021-10-14 00:00:00,0,0,0,0
2021-10-15 00:00:00,0,2.032,0,0
2021-10-16 00:00:00,16.002,7.112,15.494,9.398
2021-10-17 00:00:00,1.524,0,0.254,4.826
2021-10-18 00:00:00,0,0,0,0
2021-10-19 00:00:00,0,0,0,0
2021-10-20 00:00:00,0,0,0,0
2021-10-21 00:00:00,0,0,0,0
2021-10-22 00:00:00,4.572,0,0,1.778
2021-10-23 00:00:00,2.54,0,0,0
2021-10-24 00:00:00,1.778,0,0.508,0
2021-10-25 00:00:00,0,8.128,0,0
2021-10-26 00:00:00,14.732,1.27,14.986,26.67
2021-10-27 00:00:00,1.016,0,0.508,1.016
2021-10-28 00:00:00,0,5.842,0,0
2021-10-29 00:00:00,4.826,1.524,4.572,5.588
2021-10-30 00:00:00,7.62,17.78,9.398,2.286
2021-10-31 00:00:00,6.35,0,8.89,6.35
2021-11-01 00:00:00,0.508,0,0.254,0.762
2021-11-02 00:00:00,3.302,3.556,2.286,3.048
2021-11-03 00:00:00,0.508,0,0,2.032
2021-11-04 00:00:00,0,0,0,0
2021-11-05 00:00:00,0,0,0,0
2021-11-06 00:00:00,0,0,0,0
2021-11-07 00:00:00,0,0,0,0
2021-11-08 00:00:00,0,0,0,0
2021-11-09 00:00:00,0,0,0,0
2021-11-10 00:00:00,0,0,0,0
2021-11-11 00:00:00,0,11.176,0,0
2021-11-12 00:00:00,9.398,0.762,13.97,10.668
2021-11-13 00:00:00,3.81,1.778,0,3.048
2021-11-14 00:00:00,0,0,0,0
2021-11-15 00:00:00,1.778,0,0,0.508
2021-11-16 00:00:00,0,0,0,0
2021-11-17 00:00:00,0,0,0,0
2021-11-18 00:00:00,0,8.128,0,0
2021-11-19 00:00:00,9.398,0,11.938,5.588
2021-11-20 00:00:00,0,0,0,0
2021-11-21 00:00:00,0,12.192,0,0
2021-11-22 00:00:00,11.938,0,12.192,10.414
2021-11-23 00:00:00,0,0,0,0
2021-11-24 00:00:00,0,0,0,0
2021-11-25 00:00:00,0,4.826,0,0
2021-11-26 00:00:00,7.874,0,7.62,11.938
2021-11-27 00:00:00,0,0,0,0
2021-11-28 00:00:00,0,0,0,0
2021-11-29 00:00:00,0,0,0,0
2021-11-30 00:00:00,0,0,0,0
2021-12-01 00:00:00,0,0,0,0
2021-12-02 00:00:00,0,0,0,0
2021-12-03 00:00:00,0,0,0,0
2021-12-04 00:00:00,0,0,0,0
2021-12-05 00:00:00,0,0.508,0,0
2021-12-06 00:00:00,0.508,21.082,0.254,0
2021-12-07 00:00:00,17.526,0,21.336,7.366
2021-12-08 00:00:00,0,0,0,0
2021-12-09 00:00:00,0,0,0,0
2021-12-10 00:00:00,0,1.27,0,0
2021-12-11 00:00:00,13.208,12.954,6.604,12.7
2021-12-12 00:00:00,13.716,0,10.16,29.464
2021-12-13 00:00:00,0,0,0,0
2021-12-14 00:00:00,0,0,0,0
2021-12-15 00:00:00,0,0,0,0
2021-12-16 00:00:00,0,7.112,0,0
2021-12-17 00:00:00,10.922,4.826,7.874,5.588
2021-12-18 00:00:00,3.302,10.922,7.874,1.27
2021-12-19 00:00:00,9.144,0.254,8.128,13.716
2021-12-20 00:00:00,5.08,0,0,1.016
2021-12-21 00:00:00,0,0,0,0
2021-12-22 00:00:00,0,0,0,0
2021-12-23 00:00:00,0,0,0,0
2021-12-24 00:00:00,0,0,0,0
2021-12-25 00:00:00,0,0,0,0
2021-12-26 00:00:00,0.254,0,0,0.762
2021-12-27 00:00:00,0,1.778,0,0
2021-12-28 00:00:00,3.048,0.762,2.54,1.27
2021-12-29 00:00:00,2.54,6.096,3.81,5.588
2021-12-30 00:00:00,2.286,0,7.62,11.43
2021-12-31 00:00:00,8.128,1.27,0.254,1.016
2022-01-01 00:00:00,54.102,85.852,68.326,3.302
2022-01-02 00:00:00,55.372,5.334,25.4,41.91
2022-01-03 00:00:00,3.81,0.762,5.08,15.24
2022-01-04 00:00:00,0,0,0,0
2022-01-05 00:00:00,0,0,0,0
2022-01-06 00:00:00,0,15.494,0,0
2022-01-07 00:00:00,0,0.254,9.652,12.7
2022-01-08 00:00:00,0,0,0,0
2022-01-09 00:00:00,6.35,43.942,8.636,0
2022-01-10 00:00:00,40.132,0,36.576,31.75
2022-01-11 00:00:00,0,0,0,0
2022-01-12 00:00:00,0,0,0,0
2022-01-13 00:00:00,0,0.254,0,0
2022-01-14 00:00:00,0.508,0,0,0
2022-01-15 00:00:00,0,0,0,0
2022-01-16 00:00:00,0,19.05,0.254,0
2022-01-17 00:00:00,8.89,1.27,17.78,10.668
2022-01-18 00:00:00,0.254,0,0.508,0.762
2022-01-19 00:00:00,0,13.208,0,0
2022-01-20 00:00:00,23.368,7.366,27.686,27.94
2022-01-21 00:00:00,0,0,0,0
2022-01-22 00:00:00,0,0,0,0.508
2022-01-23 00:00:00,0,0,0,0
2022-01-24 00:00:00,0,0,0,0
2022-01-25 00:00:00,0.254,0,0.254,0
2022-01-26 00:00:00,0,0,0,0
2022-01-27 00:00:00,0,0,0,0
2022-01-28 00:00:00,0,2.794,0,0
2022-01-29 00:00:00,0,0.254,2.032,3.302
2022-01-30 00:00:00,0,0,0,0
2022-01-31 00:00:00,0,0,0,0
2022-02-01 00:00:00,0,0,0,0
2022-02-02 00:00:00,0,4.826,0,0
2022-02-03 00:00:00,8.382,31.496,8.636,5.588
2022-02-04 00:00:00,25.4,6.858,35.56,24.13
2022-02-05 00:00:00,0.762,0,0,1.524
2022-02-06 00:00:00,0,0,0,0
2022-02-07 00:00:00,0,0,0,0
2022-02-08 00:00:00,0,0,0,0
2022-02-09 00:00:00,0,0,0,0
2022-02-10 00:00:00,0,0,0,0
2022-02-11 00:00:00,0,0,0,0
2022-02-12 00:00:00,0,0.254,0,0
2022-02-13 00:00:00,0,0,0,1.524
2022-02-14 00:00:00,0,0,0,0
2022-02-15 00:00:00,0,0,0,0
2022-02-16 00:00:00,0,0,0,0
2022-02-17 00:00:00,0,38.354,0,0
2022-02-18 00:00:00,34.29,0.762,35.56,17.78
2022-02-19 00:00:00,0,0,0,0
2022-02-20 00:00:00,0,0,0,0
2022-02-21 00:00:00,0,0,0,0
2022-02-22 00:00:00,17.272,28.448,15.748,9.398
2022-02-23 00:00:00,22.86,5.334,16.764,26.416
2022-02-24 00:00:00,4.826,17.272,6.096,12.192
2022-02-25 00:00:00,23.114,8.89,24.384,31.75
2022-02-26 00:00:00,0.762,0,0.254,1.524
2022-02-27 00:00:00,0,0,0,0
2022-02-28 00:00:00,0,0,0,0
2022-03-01 00:00:00,0,0,0,0
2022-03-02 00:00:00,0,0,0,0
2022-03-03 00:00:00,0,0,0,0
2022-03-04 00:00:00,0,0,0,0
2022-03-05 00:00:00,0,0,0,0
2022-03-06 00:00:00,0,8.128,0,0
2022-03-07 00:00:00,10.16,16.256,1.016,0
2022-03-08 00:00:00,16.764,1.778,20.32,12.7
2022-03-09 00:00:00,11.176,6.604,12.7,11.176
2022-03-10 00:00:00,0,0,1.778,1.524
2022-03-11 00:00:00,0,0,0,0
2022-03-12 00:00:00,11.43,14.478,8.89,17.78
2022-03-13 00:00:00,7.62,0,0,2.54
2022-03-14 00:00:00,0,0,0,0
2022-03-15 00:00:00,0,0,0,0
2022-03-16 00:00:00,0,0,0,0
2022-03-17 00:00:00,0.762,0,0.762,0
2022-03-18 00:00:00,0,0,0,0
2022-03-19 00:00:00,1.016,0.254,0.508,0
2022-03-20 00:00:00,0.508,0,0.254,0.762
2022-03-21 00:00:00,0,0,0,0
2022-03-22 00:00:00,0,0,0,0
2022-03-23 00:00:00,4.826,5.588,6.604,0
2022-03-24 00:00:00,2.794,0,2.032,1.524
2022-03-25 00:00:00,0,0,0,0
2022-03-26 00:00:00,0.762,2.032,0.762,1.016
2022-03-27 00:00:00,0,0,0,0
2022-03-28 00:00:00,0,0,0,0
2022-03-29 00:00:00,0,0,0,0
2022-03-30 00:00:00,0,0,0,0
2022-03-31 00:00:00,0,1.016,0.254,2.794
2022-04-01 00:00:00,2.794,1.27,0.508,1.27
2022-04-02 00:00:00,0,0,0,0
2022-04-03 00:00:00,0,0,0,0
2022-04-04 00:00:00,0,0.254,0,0
2022-04-05 00:00:00,1.016,10.922,1.016,0.762
2022-04-06 00:00:00,6.096,10.922,7.112,5.08
2022-04-07 00:00:00,11.684,4.318,11.176,8.636
2022-04-08 00:00:00,0.762,7.874,0.254,0
2022-04-09 00:00:00,5.334,1.27,8.382,5.08
2022-04-10 00:00:00,1.016,0,0.762,2.032
2022-04-11 00:00:00,0,0,0,0
2022-04-12 00:00:00,2.286,1.524,3.302,1.524
2022-04-13 00:00:00,0,7.112,0,0
2022-04-14 00:00:00,5.842,1.778,10.16,3.302
2022-04-15 00:00:00,0.762,0,0,1.27
2022-04-16 00:00:00,2.032,0,2.032,1.27
2022-04-17 00:00:00,0,0.508,0,0
2022-04-18 00:00:00,25.654,18.542,36.322,7.112
2022-04-19 00:00:00,1.27,0.762,0.762,10.414
2022-04-20 00:00:00,0,0,0,0
2022-04-21 00:00:00,0.508,0,0,0
2022-04-22 00:00:00,0,0,0,0
2022-04-23 00:00:00,0,0,0,0
2022-04-24 00:00:00,0,0,0,0
2022-04-25 00:00:00,0,0.508,0,0
2022-04-26 00:00:00,21.59,21.59,30.988,8.128
2022-04-27 00:00:00,1.524,0,1.016,8.636
2022-04-28 00:00:00,0,0,0,0
2022-04-29 00:00:00,0,0,0,0
2022-04-30 00:00:00,0.762,2.286,0,0
2022-05-01 00:00:00,1.27,13.208,28.956,0
2022-05-02 00:00:00,0,0,1.27,20.828
2022-05-03 00:00:00,0,7.112,0,0
2022-05-04 00:00:00,18.288,2.286,2.032,0
2022-05-05 00:00:00,0,2.286,0,0
2022-05-06 00:00:00,9.144,69.85,21.59,5.588
2022-05-07 00:00:00,50.8,3.048,45.466,38.608
2022-05-08 00:00:00,2.794,0,2.794,5.842
2022-05-09 00:00:00,0,0,0,0
2022-05-10 00:00:00,0,0,0,0
2022-05-11 00:00:00,0,0,0,0
2022-05-12 00:00:00,0,0,0,0
2022-05-13 00:00:00,0,0,0,0
2022-05-14 00:00:00,0.762,5.588,2.54,5.588
2022-05-15 00:00:00,3.81,0,4.318,9.144
2022-05-16 00:00:00,8.89,8.382,5.08,0
2022-05-17 00:00:00,0.254,0,0.254,8.382
2022-05-18 00:00:00,0,12.446,0,0
2022-05-19 00:00:00,2.286,3.048,1.778,0
2022-05-20 00:00:00,5.08,0,1.778,0.762
2022-05-21 00:00:00,0,0,0,0
2022-05-22 00:00:00,0,0,0,0
2022-05-23 00:00:00,1.016,15.748,5.588,1.016
2022-05-24 00:00:00,38.1,0,16.51,21.082
2022-05-25 00:00:00,0.508,0,0.254,0.762
2022-05-26 00:00:00,0.254,13.716,0,0
2022-05-27 00:00:00,13.208,6.858,18.034,28.448
2022-05-28 00:00:00,5.334,1.778,2.54,13.716
2022-05-29 00:00:00,0.508,0,0,0.762
2022-05-30 00:00:00,0,0,0,0
2022-05-31 00:00:00,0,0,0,0
2022-06-01 00:00:00,0,0,0,0
2022-06-02 00:00:00,0,1.524,0,0
2022-06-03 00:00:00,17.78,0,13.97,28.448
2022-06-04 00:00:00,0,0,0,0
2022-06-05 00:00:00,0,0,0,0
2022-06-06 00:00:00,0,0.508,0,0
2022-06-07 00:00:00,4.572,1.016,15.748,0.762
2022-06-08 00:00:00,0.762,13.462,0,0
2022-06-09 00:00:00,2.032,0,0,10.16
2022-06-10 00:00:00,0,0.508,0,0
2022-06-11 00:00:00,2.54,0,8.382,0.762
2022-06-12 00:00:00,0,0,0,0
2022-06-13 00:00:00,0,0.508,0,0
2022-06-14 00:00:00,0,0,0,5.08
2022-06-15 00:00:00,0,0,0,1.016
2022-06-16 00:00:00,0,0,0,0
2022-06-17 00:00:00,0,14.732,0,0
2022-06-18 00:00:00,0,0,0,3.048
2022-06-19 00:00:00,0,0,0,0
2022-06-20 00:00:00,0,0,0,0
2022-06-21 00:00:00,0,0,0,0
2022-06-22 00:00:00,0,0,0,0
2022-06-23 00:00:00,0,0,0,12.7
2022-06-24 00:00:00,0,0,0,0
2022-06-25 00:00:00,0,29.972,0,0
2022-06-26 00:00:00,2.54,12.954,17.272,16.002
2022-06-27 00:00:00,26.416,11.938,6.604,8.382
2022-06-28 00:00:00,0,0,0,0
2022-06-29 00:00:00,0,0,0,0
2022-06-30 00:00:00,0,0,0,0
2022-07-01 00:00:00,0,8.128,6.604,0
2022-07-02 00:00:00,0,15.24,2.54,1.016
2022-07-03 00:00:00,6.858,4.064,1.778,18.796
2022-07-04 00:00:00,0,0,0,17.526
2022-07-05 00:00:00,0,2.54,0,0
2022-07-06 00:00:00,19.05,8.382,69.342,80.01
2022-07-07 00:00:00,12.7,8.89,5.588,23.622
2022-07-08 00:00:00,6.858,6.604,9.906,33.02
2022-07-09 00:00:00,3.048,4.318,6.096,5.588
2022-07-10 00:00:00,19.05,0.254,0.762,4.064
2022-07-11 00:00:00,1.016,0,0,1.016
2022-07-12 00:00:00,0,13.97,0,0
2022-07-13 00:00:00,1.27,0,2.032,0
2022-07-14 00:00:00,0,0,0,0
2022-07-15 00:00:00,0,0,0,0
2022-07-16 00:00:00,0,0,0,0
2022-07-17 00:00:00,3.302,12.954,0,0
2022-07-18 00:00:00,25.4,22.86,22.098,7.62
2022-07-19 00:00:00,33.02,0,34.798,28.702
2022-07-20 00:00:00,0,15.494,0,0
2022-07-21 00:00:00,10.668,2.54,1.016,24.13
2022-07-22 00:00:00,0,0,0,0
2022-07-23 00:00:00,0,0,0,0
2022-07-24 00:00:00,3.81,0,9.652,7.62
2022-07-25 00:00:00,0,5.588,0,0
2022-07-26 00:00:00,13.716,53.594,1.524,33.782
2022-07-27 00:00:00,59.436,104.394,59.182,19.812
2022-07-28 00:00:00,203.2,45.212,182.88,87.63
2022-07-29 00:00:00,22.352,1.778,15.24,11.43
2022-07-30 00:00:00,0,0,0.762,0
2022-07-31 00:00:00,0,40.64,0,0
2022-08-01 00:00:00,37.338,2.794,15.494,41.402
2022-08-02 00:00:00,0,0,0,0.508
2022-08-03 00:00:00,0,0,0,0
2022-08-04 00:00:00,0,3.81,0,0
2022-08-05 00:00:00,0,13.716,2.032,0
2022-08-06 00:00:00,14.224,10.668,14.732,1.524
2022-08-07 00:00:00,11.938,8.89,24.892,25.4
2022-08-08 00:00:00,9.906,0,18.034,0.508
2022-08-09 00:00:00,0,0,0,0
2022-08-10 00:00:00,0,28.702,0,0
2022-08-11 00:00:00,5.08,1.778,12.7,17.526
2022-08-12 00:00:00,0,0,1.27,0
2022-08-13 00:00:00,0,0,0,0
2022-08-14 00:00:00,0,3.81,0,0
2022-08-15 00:00:00,1.016,0,0,5.588
2022-08-16 00:00:00,0,1.778,0,2.54
2022-08-17 00:00:00,0,0,0,0
2022-08-18 00:00:00,0,0,0,0
2022-08-19 00:00:00,0,0,0,0
2022-08-20 00:00:00,0.508,0,5.588,0
2022-08-21 00:00:00,0.254,0,0.508,1.016
2022-08-22 00:00:00,0,0,0,5.08
2022-08-23 00:00:00,0,0,0,0
2022-08-24 00:00:00,0,0,0,0
2022-08-25 00:00:00,0,0,0,0
2022-08-26 00:00:00,3.302,9.398,2.54,0
2022-08-27 00:00:00,48.006,0,8.128,8.382
2022-08-28 00:00:00,0,0,0,0
2022-08-29 00:00:00,0,0,0,0
2022-08-30 00:00:00,0.254,7.366,0,1.778
2022-08-31 00:00:00,4.572,0,3.556,9.652
2022-09-01 00:00:00,0,0,0,0
2022-09-02 00:00:00,0,0,0,0
2022-09-03 00:00:00,1.016,0.254,0,0
2022-09-04 00:00:00,0.254,11.938,15.748,0
2022-09-05 00:00:00,20.828,6.096,21.336,20.32
2022-09-06 00:00:00,3.048,0.508,0.508,60.96
2022-09-07 00:00:00,1.778,0,1.27,0
2022-09-08 00:00:00,0,0,0,0
2022-09-09 00:00:00,0,0,0,0
2022-09-10 00:00:00,0.762,0.508,0,0
2022-09-11 00:00:00,0.508,6.35,0,2.54
2022-09-12 00:00:00,32.512,2.286,26.416,6.35
2022-09-13 00:00:00,0.508,0,0,2.54
2022-09-14 00:00:00,0,0,0,0
2022-09-15 00:00:00,0,0,0,0
2022-09-16 00:00:00,0,0,0,0
2022-09-17 00:00:00,0,0,0,0
2022-09-18 00:00:00,0,0,0,0
2022-09-19 00:00:00,0,0,0,0
2022-09-20 00:00:00,0,0,0,0
2022-09-21 00:00:00,0,3.81,0,0
2022-09-22 00:00:00,0,0,0,0
2022-09-23 00:00:00,0,0,0.254,1.524
2022-09-24 00:00:00,0,0.762,0.762,0
2022-09-25 00:00:00,2.032,0.762,1.524,2.032
2022-09-26 00:00:00,1.524,0,0,18.796
2022-09-27 00:00:00,0,0,0,0
2022-09-28 00:00:00,0,0,0,0
2022-09-29 00:00:00,0,0,0,0
2022-09-30 00:00:00,0,0,0,0
2022-10-01 00:00:00,0.508,4.826,0,16.256
2022-10-02 00:00:00,2.54,0.254,2.032,9.652
2022-10-03 00:00:00,0.508,0,0,2.54
2022-10-04 00:00:00,0,0,0,0
2022-10-05 00:00:00,0,0,0,0
2022-10-06 00:00:00,0,0,0,0
2022-10-07 00:00:00,0,0,0,0
2022-10-08 00:00:00,0,0,0,0
2022-10-09 00:00:00,0,0,0,0
2022-10-10 00:00:00,0,0,0,0
2022-10-11 00:00:00,0,0,0,0
2022-10-12 00:00:00,0,1.27,0,0
2022-10-13 00:00:00,3.81,0.254,6.096,2.54
2022-10-14 00:00:00,0.508,0,0.508,0
2022-10-15 00:00:00,0,0,0,0
2022-10-16 00:00:00,0,4.064,0,0
2022-10-17 00:00:00,2.54,0,3.048,3.81
2022-10-18 00:00:00,0.254,0,0,0
2022-10-19 00:00:00,0,0,0,0
2022-10-20 00:00:00,0,0,0,0
2022-10-21 00:00:00,0,0,0,0
2022-10-22 00:00:00,0,0,0,0
2022-10-23 00:00:00,0,0,0,0
2022-10-24 00:00:00,0,0,0,0
2022-10-25 00:00:00,0,1.27,0,0
2022-10-26 00:00:00,2.286,0.254,3.81,1.27
2022-10-27 00:00:00,0.508,0,2.54,0
2022-10-28 00:00:00,0,0,0,0
2022-10-29 00:00:00,0,0,0,0
2022-10-30 00:00:00,0,3.048,0,0
2022-10-31 00:00:00,10.16,5.842,10.16,11.176
2022-11-01 00:00:00,1.27,0,2.032,1.016
2022-11-02 00:00:00,0,0,0,0
2022-11-03 00:00:00,0,0,0,1.016
2022-11-04 00:00:00,0,0,0,0
2022-11-05 00:00:00,0,0.508,0,0
2022-11-06 00:00:00,0.508,0.762,1.27,0
2022-11-07 00:00:00,0.508,0,0.762,6.35
2022-11-08 00:00:00,0,0,0,4.064
2022-11-09 00:00:00,0,0,0,0
2022-11-10 00:00:00,0,0,0,0
2022-11-11 00:00:00,2.794,22.352,2.54,0.762
2022-11-12 00:00:00,21.844,4.318,39.624,41.91
2022-11-13 00:00:00,3.556,0.254,4.572,6.35
2022-11-14 00:00:00,0,0,0,0
2022-11-15 00:00:00,4.064,12.7,4.064,0.762
2022-11-16 00:00:00,10.414,0.254,10.668,8.128
2022-11-17 00:00:00,0,0,0,0
2022-11-18 00:00:00,0,0,0,0
2022-11-19 00:00:00,0,0,0,0
2022-11-20 00:00:00,0,0,0,0
2022-11-21 00:00:00,0,0,0,0
2022-11-22 00:00:00,0,0,0,0
2022-11-23 00:00:00,0,0,0,0
2022-11-24 00:00:00,0,0,0,0
2022-11-25 00:00:00,1.524,1.27,1.27,1.524
2022-11-26 00:00:00,0.508,0,0.254,2.286
2022-11-27 00:00:00,2.286,2.794,3.302,0.762
2022-11-28 00:00:00,1.524,1.016,0.762,2.54
2022-11-29 00:00:00,0,2.032,0,0
2022-11-30 00:00:00,25.4,23.114,25.4,0
2022-12-01 00:00:00,2.032,0,0.254,0
2022-12-02 00:00:00,0,1.524,0,0
2022-12-03 00:00:00,3.556,5.588,2.794,2.794
2022-12-04 00:00:00,1.016,0,0,2.032
2022-12-05 00:00:00,0,0.254,0,0
2022-12-06 00:00:00,0.508,18.034,1.016,3.81
2022-12-07 00:00:00,37.084,22.606,61.976,18.796
2022-12-08 00:00:00,5.588,8.382,2.032,4.572
2022-12-09 00:00:00,13.716,0.254,11.43,5.334
2022-12-10 00:00:00,0.762,0,0.508,4.318
2022-12-11 00:00:00,0.254,0,0.254,0
2022-12-12 00:00:00,0.254,0,0,0
2022-12-13 00:00:00,0,0,0,0
2022-12-14 00:00:00,3.302,21.844,6.35,1.016
2022-12-15 00:00:00,25.4,7.874,24.13,11.684
2022-12-16 00:00:00,0,0,0,2.286
2022-12-17 00:00:00,0,0,0,0
2022-12-18 00:00:00,0,0,0,0
2022-12-19 00:00:00,0,0,0,0
2022-12-20 00:00:00,0,0,0,0
2022-12-21 00:00:00,0,0,0,0
2022-12-22 00:00:00,0.762,1.016,0,0.762
2022-12-23 00:00:00,5.08,6.096,4.318,6.35
2022-12-24 00:00:00,0,0,0,0
2022-12-25 00:00:00,0,0,0,0
2022-12-26 00:00:00,0,0,0,0
2022-12-27 00:00:00,0,0,0,0
2022-12-28 00:00:00,0,0,0,0
2022-12-29 00:00:00,0,0,0,0
2022-12-30 00:00:00,0,0,0,0
2022-12-31 00:00:00,0,0.254,0,0.762
2023-01-01 00:00:00,0.762,0.508,0.508,0.762
2023-01-02 00:00:00,0.254,0,0,0
2023-01-03 00:00:00,0,13.208,0.254,0
2023-01-04 00:00:00,13.97,3.048,13.208,17.78
2023-01-05 00:00:00,2.032,0,2.54,1.016
2023-01-06 00:00:00,0,0,0,0
2023-01-07 00:00:00,0,0,0,0
2023-01-08 00:00:00,2.54,0,1.778,0.762
2023-01-09 00:00:00,0.254,0,0.254,1.778
2023-01-10 00:00:00,0,0,0,0
2023-01-11 00:00:00,0,0.254,0,0
2023-01-12 00:00:00,0,21.844,0.508,0
2023-01-13 00:00:00,7.874,2.794,13.208,18.796
2023-01-14 00:00:00,2.032,0.508,1.27,8.382
2023-01-15 00:00:00,0,0,0,0
2023-01-16 00:00:00,0,2.286,0,0
2023-01-17 00:00:00,5.08,4.064,6.096,11.176
2023-01-18 00:00:00,0.762,0,0.762,1.27
2023-01-19 00:00:00,1.778,8.128,1.27,0
2023-01-20 00:00:00,4.572,0,6.096,6.35
2023-01-21 00:00:00,0.254,0,0,0
2023-01-22 00:00:00,2.794,4.826,2.54,0.254
2023-01-23 00:00:00,5.08,2.54,4.318,7.112
2023-01-24 00:00:00,0,0,0,1.778
2023-01-25 00:00:00,16.002,16.256,15.24,3.81
2023-01-26 00:00:00,2.286,2.794,3.048,7.112
2023-01-27 00:00:00,0,0,0,0.762
2023-01-28 00:00:00,0,0,0,0
2023-01-29 00:00:00,6.096,15.748,12.954,3.81
2023-01-30 00:00:00,8.128,0.762,5.08,9.398
2023-01-31 00:00:00,4.826,8.636,4.572,2.54
2023-02-01 00:00:00,3.81,1.778,6.604,11.43
2023-02-02 00:00:00,0,0,0.254,3.81
2023-02-03 00:00:00,0,0,0,1.016
2023-02-04 00:00:00,0,0,0,0
2023-02-05 00:00:00,0,0,0,0
2023-02-06 00:00:00,0,0,0,0
2023-02-07 00:00:00,0,0,0,0
2023-02-08 00:00:00,0,0.508,0,0
2023-02-09 00:00:00,0.508,0,0,0
2023-02-10 00:00:00,0,0,0,0
2023-02-11 00:00:00,0,0,0,0
2023-02-12 00:00:00,0.254,0,0.508,3.81
2023-02-13 00:00:00,1.016,0,0.508,25.4
2023-02-14 00:00:00,0,0.508,0,0
2023-02-15 00:00:00,2.032,0.762,2.032,0
2023-02-16 00:00:00,17.526,78.994,6.096,5.334
2023-02-17 00:00:00,94.742,25.4,98.806,58.42
2023-02-18 00:00:00,0.508,0,0,0
2023-02-19 00:00:00,0,0,0,0
2023-02-20 00:00:00,0,2.286,0,0
2023-02-21 00:00:00,16.256,0,7.112,7.874
2023-02-22 00:00:00,0,0,0,0
2023-02-23 00:00:00,14.478,11.176,13.208,3.81
2023-02-24 00:00:00,0,0.508,4.826,8.128
2023-02-25 00:00:00,3.302,4.826,0.254,0
2023-02-26 00:00:00,1.778,0,1.524,3.81
2023-02-27 00:00:00,0,3.81,0,0
2023-02-28 00:00:00,3.048,0,2.54,2.54
2023-03-01 00:00:00,0,3.302,0,0
2023-03-02 00:00:00,15.24,7.112,11.176,18.796
2023-03-03 00:00:00,8.89,12.192,8.89,4.572
2023-03-04 00:00:00,1.27,0,3.81,7.112
2023-03-05 00:00:00,0,0,0,0
2023-03-06 00:00:00,0,0,0,0
2023-03-07 00:00:00,0,0,0,0
2023-03-08 00:00:00,0,0,0,0
2023-03-09 00:00:00,0,1.524,0,0
2023-03-10 00:00:00,4.064,3.302,3.556,4.572
2023-03-11 00:00:00,0.254,0,0,0
2023-03-12 00:00:00,4.826,2.286,6.858,3.81
2023-03-13 00:00:00,2.54,0.762,2.54,4.572
2023-03-14 00:00:00,0,0.254,0.508,3.81
2023-03-15 00:00:00,0,0,0,0
2023-03-16 00:00:00,0,0,0,0
2023-03-17 00:00:00,3.048,8.89,2.54,1.27
2023-03-18 00:00:00,6.858,0,5.334,5.08
2023-03-19 00:00:00,0,0,0,0
2023-03-20 00:00:00,0,0,0,0
2023-03-21 00:00:00,0,0,0,0
2023-03-22 00:00:00,1.016,2.794,0.254,0.762
2023-03-23 00:00:00,4.572,0,3.81,9.144
2023-03-24 00:00:00,0.508,12.446,0,0
2023-03-25 00:00:00,19.304,14.224,21.082,17.018
2023-03-26 00:00:00,0,0,0,0
2023-03-27 00:00:00,0,0,0,0
2023-03-28 00:00:00,0,0,0,0
2023-03-29 00:00:00,0,0,0,0
2023-03-30 00:00:00,0,0,0,0
2023-03-31 00:00:00,0.254,34.798,0.508,0
2023-04-01 00:00:00,53.594,10.414,53.34,36.83
2023-04-02 00:00:00,0,0,0,0
2023-04-03 00:00:00,0,0,0,0
2023-04-04 00:00:00,0,3.556,0,0
2023-04-05 00:00:00,2.286,2.794,0,0.254
2023-04-06 00:00:00,15.748,8.636,20.32,0
2023-04-07 00:00:00,5.08,0.254,6.858,0
2023-04-08 00:00:00,2.286,0,0,12.7
2023-04-09 00:00:00,0,0,0,0
2023-04-10 00:00:00,0,0,0,0
2023-04-11 00:00:00,0,0,0,0
2023-04-12 00:00:00,0,0,0,0
2023-04-13 00:00:00,0,0,0,0
2023-04-14 00:00:00,0.254,10.922,0,0
2023-04-15 00:00:00,8.636,0,7.62,15.494
2023-04-16 00:00:00,1.524,8.382,7.62,0
2023-04-17 00:00:00,3.81,0.254,5.588,2.54
2023-04-18 00:00:00,0,0,0,0
2023-04-19 00:00:00,0,0,0,0
2023-04-20 00:00:00,0,0,0,0
2023-04-21 00:00:00,0,0,0,0
2023-04-22 00:00:00,12.7,15.494,20.066,15.494
2023-04-23 00:00:00,0,0,0,0
2023-04-24 00:00:00,0,0,0,0
2023-04-25 00:00:00,0,0,0,0
2023-04-26 00:00:00,0,0,0,0
2023-04-27 00:00:00,0,10.668,0,0
2023-04-28 00:00:00,9.906,8.128,0,5.334
2023-04-29 00:00:00,12.954,0,11.43,2.54
2023-04-30 00:00:00,0.254,0.508,0.254,0
2023-05-01 00:00:00,1.016,0.254,0.762,2.54
2023-05-02 00:00:00,0,0,0.254,1.016
2023-05-03 00:00:00,0,0,0,0
2023-05-04 00:00:00,0,0,0,0
2023-05-05 00:00:00,0,0,0,0
2023-05-06 00:00:00,0,0,0,0
2023-05-07 00:00:00,0,6.096,0,0
2023-05-08 00:00:00,11.43,1.016,13.716,5.334
2023-05-09 00:00:00,8.382,40.894,13.208,5.334
2023-05-10 00:00:00,0,0,0.254,1.27
2023-05-11 00:00:00,0,0,0,0
2023-05-12 00:00:00,0,0,0,0
2023-05-13 00:00:00,1.524,0,2.286,1.778
2023-05-14 00:00:00,3.556,0,0,2.032
2023-05-15 00:00:00,0,0,0,0
2023-05-16 00:00:00,0,18.288,0,5.08
2023-05-17 00:00:00,18.542,0,12.446,17.78
2023-05-18 00:00:00,0,0,0,0
2023-05-19 00:00:00,0.508,0,0,0
2023-05-20 00:00:00,0,6.35,0,0
2023-05-21 00:00:00,7.112,0,9.144,7.874
2023-05-22 00:00:00,0,0,0,0
2023-05-23 00:00:00,0,0,0,0
2023-05-24 00:00:00,0,0,0,0
2023-05-25 00:00:00,0,0,0,0
2023-05-26 00:00:00,0,0,0,0
2023-05-27 00:00:00,0,0,0,0
2023-05-28 00:00:00,9.144,23.114,5.08,23.368
2023-05-29 00:00:00,10.922,0,8.382,28.702
2023-05-30 00:00:00,0,0,0,0
2023-05-31 00:00:00,0,0,0.508,0
2023-06-01 00:00:00,0,0,0,0
2023-06-02 00:00:00,0,0,0,0
2023-06-03 00:00:00,0,0,0,0
2023-06-04 00:00:00,0,0,0,0
2023-06-05 00:00:00,0,0,0,0
2023-06-06 00:00:00,0,0,0,0
2023-06-07 00:00:00,6.604,9.398,2.286,2.032
2023-06-08 00:00:00,11.684,0,23.368,15.24
2023-06-09 00:00:00,0,0,0,0
2023-06-10 00:00:00,0,0,0,0
2023-06-11 00:00:00,0,31.496,0,0
2023-06-12 00:00:00,45.72,8.382,39.624,23.876
2023-06-13 00:00:00,0.762,0,0.508,2.794
2023-06-14 00:00:00,0,1.016,0,0
2023-06-15 00:00:00,0,0,0,0.762
2023-06-16 00:00:00,0,0,0,0
2023-06-17 00:00:00,0,0,0,0
2023-06-18 00:00:00,0,0,0,0
2023-06-19 00:00:00,4.572,8.636,2.54,0
2023-06-20 00:00:00,2.032,0,5.842,2.032
2023-06-21 00:00:00,1.016,1.016,5.08,0.508
2023-06-22 00:00:00,0,9.906,0,0
2023-06-23 00:00:00,4.572,2.54,9.398,2.794
2023-06-24 00:00:00,2.032,0,2.032,9.398
2023-06-25 00:00:00,2.032,3.556,0,1.016
2023-06-26 00:00:00,43.18,14.732,40.132,30.734
2023-06-27 00:00:00,7.874,0,1.778,0
2023-06-28 00:00:00,0,0,0,0
2023-06-29 00:00:00,0,0,0,0
2023-06-30 00:00:00,8.128,1.778,13.716,2.54
2023-07-01 00:00:00,2.286,13.716,0.762,5.842
2023-07-02 00:00:00,20.32,37.338,7.874,5.334
2023-07-03 00:00:00,30.48,0.254,23.622,26.67
2023-07-04 00:00:00,1.27,0,2.794,0.762
2023-07-05 00:00:00,0,0,0,0
2023-07-06 00:00:00,0,23.368,0,0
2023-07-07 00:00:00,9.652,0,36.576,1.524
2023-07-08 00:00:00,0,0.762,0,0
2023-07-09 00:00:00,23.114,4.572,26.67,2.286
2023-07-10 00:00:00,1.778,0,0,7.112
2023-07-11 00:00:00,0,0,0,0
2023-07-12 00:00:00,0,0,0,0
2023-07-13 00:00:00,0,0,0,0
2023-07-14 00:00:00,0,0,0,3.048
2023-07-15 00:00:00,5.588,4.064,2.794,1.016
2023-07-16 00:00:00,7.112,0,2.794,14.732
2023-07-17 00:00:00,0,0,0,0
2023-07-18 00:00:00,6.604,40.386,0.508,8.128
2023-07-19 00:00:00,9.906,0,6.604,3.302
2023-07-20 00:00:00,0,0,0.254,0
2023-07-21 00:00:00,0,0,0.508,0.762
2023-07-22 00:00:00,0,0,0,0
2023-07-23 00:00:00,0,0,0,0
2023-07-24 00:00:00,0,0.508,0,0
2023-07-25 00:00:00,5.842,0.254,2.54,0
2023-07-26 00:00:00,0,0,0,0
2023-07-27 00:00:00,0,0,0,0
2023-07-28 00:00:00,0,0.254,0,0
2023-07-29 00:00:00,0,13.208,0,0
2023-07-30 00:00:00,18.542,3.302,35.814,9.398
2023-07-31 00:00:00,2.286,7.112,1.524,1.27
2023-08-01 00:00:00,0,0,0,10.922
2023-08-02 00:00:00,0,0,0,0
2023-08-03 00:00:00,3.048,20.32,3.048,8.636
2023-08-04 00:00:00,11.43,0,14.732,3.81
2023-08-05 00:00:00,0,0,0,0
2023-08-06 00:00:00,0.762,1.27,2.54,0.762
2023-08-07 00:00:00,0.762,19.558,2.286,1.524
2023-08-08 00:00:00,5.842,0,8.89,4.318
2023-08-09 00:00:00,0.508,0,0,2.032
2023-08-10 00:00:00,11.938,26.162,31.242,23.622
2023-08-11 00:00:00,21.59,0,13.716,16.51
2023-08-12 00:00:00,0,0,0,0
2023-08-13 00:00:00,1.524,11.684,17.78,2.032
2023-08-14 00:00:00,0.254,8.89,0,0
2023-08-15 00:00:00,3.302,0,0,6.604
2023-08-16 00:00:00,0,0,0,0
2023-08-17 00:00:00,0,0,0,0
2023-08-18 00:00:00,0,0,0,0
2023-08-19 00:00:00,0,0,0,0
2023-08-20 00:00:00,0,0,0,0
2023-08-21 00:00:00,0,0,0,0
2023-08-22 00:00:00,0,0,0,0
2023-08-23 00:00:00,0,0,0,0
2023-08-24 00:00:00,0,0.762,0,0
2023-08-25 00:00:00,0.254,34.544,17.018,0
2023-08-26 00:00:00,15.748,35.306,0.508,2.032
2023-08-27 00:00:00,11.176,0.508,1.524,17.272
2023-08-28 00:00:00,1.27,10.922,1.016,1.27
2023-08-29 00:00:00,11.176,6.858,17.272,0
2023-08-30 00:00:00,6.35,0,4.318,29.464
2023-08-31 00:00:00,0,0,0,0
2023-09-01 00:00:00,0,0,0,0
2023-09-02 00:00:00,0,0,0,0
2023-09-03 00:00:00,0,0,0,0
2023-09-04 00:00:00,0,0,0,0
2023-09-05 00:00:00,0,0,0,0
2023-09-06 00:00:00,0,9.906,0,0
2023-09-07 00:00:00,2.032,0,2.54,1.016
2023-09-08 00:00:00,3.048,0,6.604,24.638
2023-09-09 00:00:00,0,0,0,0
2023-09-10 00:00:00,0,0,0.254,27.94
2023-09-11 00:00:00,0,0,0,0.762
2023-09-12 00:00:00,0,1.016,0,0
2023-09-13 00:00:00,1.778,0,0.254,12.446
2023-09-14 00:00:00,0,0,0,0
2023-09-15 00:00:00,0,0,0,0
2023-09-16 00:00:00,0,16.002,0,0
2023-09-17 00:00:00,43.688,14.732,24.892,23.622
2023-09-18 00:00:00,4.318,0,7.62,2.54
2023-09-19 00:00:00,0,0,0,0
2023-09-20 00:00:00,0,0,8.382,0
2023-09-21 00:00:00,0,0,0,0
2023-09-22 00:00:00,0,0,0,0
2023-09-23 00:00:00,0,0,0,0
2023-09-24 00:00:00,0,0,0,0
2023-09-25 00:00:00,0,0,0,0
2023-09-26 00:00:00,0,0,0,0
2023-09-27 00:00:00,0,0.254,0,0
2023-09-28 00:00:00,8.128,4.572,21.336,1.27
2023-09-29 00:00:00,0,0,1.016,1.016
2023-09-30 00:00:00,0,0,0,0
2023-10-01 00:00:00,0,0,0,0
2023-10-02 00:00:00,0,0,0,0
2023-10-03 00:00:00,0,0,0,0
2023-10-04 00:00:00,0,0,0,0
2023-10-05 00:00:00,0,0,0,0
2023-10-06 00:00:00,0,2.032,0,0
2023-10-07 00:00:00,2.286,0,3.556,1.778
2023-10-08 00:00:00,0,0,0,0
2023-10-09 00:00:00,0.254,1.778,0.254,0
2023-10-10 00:00:00,3.81,0,3.302,5.588
2023-10-11 00:00:00,0,0,0,0
2023-10-12 00:00:00,0,0,0,0
2023-10-13 00:00:00,0,0,0,0
2023-10-14 00:00:00,1.27,3.048,0.762,0
2023-10-15 00:00:00,1.27,3.556,0.762,3.556
2023-10-16 00:00:00,2.286,4.826,3.048,0
2023-10-17 00:00:00,1.27,0,3.302,3.556
2023-10-18 00:00:00,0,0,0,0.508
2023-10-19 00:00:00,0,0.254,0,0
2023-10-20 00:00:00,6.604,13.208,8.382,8.128
2023-10-21 00:00:00,6.35,0,10.16,4.826
2023-10-22 00:00:00,0,0,0,0
2023-10-23 00:00:00,0,0,0,0
2023-10-24 00:00:00,0,0,0,0
2023-10-25 00:00:00,0,0,0,0
2023-10-26 00:00:00,0,0,0,0
2023-10-27 00:00:00,0,0,0,0
2023-10-28 00:00:00,0,0,0,0
2023-10-29 00:00:00,0,0.254,0,0
2023-10-30 00:00:00,5.08,6.604,0.762,0
2023-10-31 00:00:00,7.62,0.762,8.636,8.128
2023-11-01 00:00:00,0,0,0,0.508
2023-11-02 00:00:00,0,0,0,0
2023-11-03 00:00:00,0,0,0,0
2023-11-04 00:00:00,0,0,0,0
2023-11-05 00:00:00,0,0,0,0
2023-11-06 00:00:00,0,0,0,0
2023-11-07 00:00:00,0,0,0,0
2023-11-08 00:00:00,0,0,0,0
2023-11-09 00:00:00,0,0,0,0
2023-11-10 00:00:00,5.334,7.62,6.096,2.54
2023-11-11 00:00:00,1.524,0,4.826,8.636
2023-11-12 00:00:00,0,0,0,0
2023-11-13 00:00:00,0,0,0,0
2023-11-14 00:00:00,0,0,0,0
2023-11-15 00:00:00,0,0,0,0
2023-11-16 00:00:00,0,0,0,0
2023-11-17 00:00:00,0,13.208,0.254,0
2023-11-18 00:00:00,5.588,0,6.35,14.478
2023-11-19 00:00:00,0,0,0,0
2023-11-20 00:00:00,0,0.254,0,0
2023-11-21 00:00:00,2.54,20.066,4.318,0.762
2023-11-22 00:00:00,17.018,0,15.24,13.97
2023-11-23 00:00:00,0.254,0,0,2.54
2023-11-24 00:00:00,0,0,0,0
2023-11-25 00:00:00,0,0,0,0
2023-11-26 00:00:00,0,2.54,0,0
2023-11-27 00:00:00,4.318,0,2.54,2.032
2023-11-28 00:00:00,0,0,0,0
2023-11-29 00:00:00,0,0,0,0
2023-11-30 00:00:00,0,0,0,0
2023-12-01 00:00:00,0,4.572,1.778,0
2023-12-02 00:00:00,0,1.27,10.922,2.54
2023-12-03 00:00:00,7.62,1.778,14.224,8.128
2023-12-04 00:00:00,0,0.254,4.572,0.762
2023-12-05 00:00:00,1.27,2.794,0.762,2.286
2023-12-06 00:00:00,6.604,0.508,0.762,5.08
2023-12-07 00:00:00,0,0,0,1.27
2023-12-08 00:00:00,0,0,0,0
2023-12-09 00:00:00,6.35,10.16,9.906,1.778
2023-12-10 00:00:00,26.416,4.318,28.448,41.402
2023-12-11 00:00:00,0,0,1.016,12.7
2023-12-12 00:00:00,0,0,0,0
2023-12-13 00:00:00,0,0,0,0
2023-12-14 00:00:00,0,0,0,0
2023-12-15 00:00:00,0,0,0,0
2023-12-16 00:00:00,0,0,0,0
2023-12-17 00:00:00,2.032,6.858,3.048,0
2023-12-18 00:00:00,6.604,1.27,3.81,3.81
2023-12-19 00:00:00,1.524,0,0,1.524
2023-12-20 00:00:00,0,0,0,0
2023-12-21 00:00:00,0,0,0,0
2023-12-22 00:00:00,0,0,0,0
2023-12-23 00:00:00,0,0,0,0
2023-12-24 00:00:00,0,0,0,0.508
2023-12-25 00:00:00,0,10.922,0,0
2023-12-26 00:00:00,15.24,11.176,13.97,2.54
2023-12-27 00:00:00,10.668,1.016,13.208,11.43
2023-12-28 00:00:00,0.762,0,0.508,1.524
2023-12-29 00:00:00,0,1.016,0,0
2023-12-30 00:00:00,2.032,3.048,1.016,1.016
2023-12-31 00:00:00,2.54,0,1.016,2.286